cell,drug,res
TCGA-EE-A2GS,44462760,0.0
TCGA-EE-A2GS,42611257,0.0
TCGA-BR-6457,3385,1.0
TCGA-BR-6457,135403648,1.0
TCGA-S9-A6U1,5394,0.0
TCGA-EO-A3KU,10339178,1.0
TCGA-EO-A3KU,36314,1.0
TCGA-BA-A6DL,10339178,1.0
TCGA-BA-A6DL,208908,1.0
TCGA-BA-A6DL,36314,1.0
TCGA-VQ-A8DT,3385,1.0
TCGA-AC-A3YI,2907,1.0
TCGA-AC-A3YI,3385,1.0
TCGA-AC-A3YI,126941,1.0
TCGA-NH-A6GB,3385,0.0
TCGA-NH-A6GB,135403648,0.0
TCGA-NH-A6GB,9887053,0.0
TCGA-HZ-7920,3385,1.0
TCGA-NH-A8F7,3385,1.0
TCGA-NH-A8F7,9887053,1.0
TCGA-VS-A94Y,5460033,0.0
TCGA-VQ-A91E,3385,1.0
TCGA-N5-A4RV,36314,1.0
TCGA-E9-A6HE,2907,1.0
TCGA-E9-A6HE,31703,1.0
TCGA-E9-A6HE,36314,1.0
TCGA-FJ-A871,5460033,0.0
TCGA-FJ-A871,31703,0.0
TCGA-FJ-A871,60750,0.0
TCGA-FJ-A871,126941,0.0
TCGA-FJ-A871,13342,0.0
TCGA-MZ-A5BI,5460033,1.0
TCGA-GV-A3JW,10339178,1.0
TCGA-GV-A3JW,60750,1.0
TCGA-H8-A6C1,60750,1.0
TCGA-L9-A743,5460033,1.0
TCGA-L9-A743,148124,1.0
TCGA-S9-A7IX,5394,0.0
TCGA-85-8351,5460033,1.0
TCGA-85-8351,36462,1.0
TCGA-AC-A2FB,2187,1.0
TCGA-AC-A2FB,148124,1.0
TCGA-BR-A4J8,60953,1.0
TCGA-FB-A545,3385,1.0
TCGA-FB-A545,60750,1.0
TCGA-EW-A2FR,36314,0.0
TCGA-EB-A5FP,10339178,0.0
TCGA-EB-A5FP,135398738,0.0
TCGA-GM-A2DL,2733526,1.0
TCGA-D7-6520,5460033,0.0
TCGA-QH-A6X4,5394,0.0
TCGA-E9-A3Q9,2907,1.0
TCGA-E9-A3Q9,3385,1.0
TCGA-E9-A3Q9,4212,1.0
TCGA-CN-A6V7,5460033,1.0
TCGA-AA-A01R,3385,1.0
TCGA-AA-A01R,60838,1.0
TCGA-AA-A01R,135403648,1.0
TCGA-3A-A9IX,3385,1.0
TCGA-3A-A9IX,60750,1.0
TCGA-HU-8238,3045,0.0
TCGA-HU-A4H4,54715158,1.0
TCGA-HD-8314,5460033,1.0
TCGA-YL-A8SC,2375,1.0
TCGA-YL-A8SC,25074469,1.0
TCGA-2G-AAFZ,5360373,1.0
TCGA-2G-AAFZ,5460033,1.0
TCGA-2G-AAFZ,36462,1.0
TCGA-ZG-A8QZ,2375,1.0
TCGA-EY-A3L3,10339178,1.0
TCGA-EY-A3L3,36314,1.0
TCGA-43-A56V,10339178,1.0
TCGA-43-A56V,148124,1.0
TCGA-TN-A7HL,5460033,1.0
TCGA-FD-A43S,5460033,1.0
TCGA-FD-A43S,60750,1.0
TCGA-IB-7885,60750,1.0
TCGA-XK-AAIV,2375,1.0
TCGA-YL-A8SL,2375,1.0
TCGA-XE-AAOD,5360373,1.0
TCGA-XE-AAOD,5460033,1.0
TCGA-XE-AAOD,36462,1.0
TCGA-IE-A3OV,135398738,0.0
TCGA-IE-A3OV,148124,0.0
TCGA-IE-A3OV,31703,0.0
TCGA-IE-A3OV,60750,0.0
TCGA-IE-A3OV,135410875,0.0
TCGA-IE-A3OV,108150,0.0
TCGA-IE-A3OV,11520894,0.0
TCGA-QH-A6XC,5394,0.0
TCGA-D7-A747,60953,0.0
TCGA-D7-A747,5460033,0.0
TCGA-D7-A747,41867,0.0
TCGA-2G-AAF1,10339178,1.0
TCGA-58-8391,10339178,1.0
TCGA-58-8391,60750,1.0
TCGA-13-A5FT,5460033,1.0
TCGA-13-A5FT,36314,1.0
TCGA-MO-A47P,31703,1.0
TCGA-53-7624,10339178,0.0
TCGA-53-7624,5460033,0.0
TCGA-53-7624,148124,0.0
TCGA-53-7624,176870,0.0
TCGA-53-7624,60750,0.0
TCGA-53-7624,60838,0.0
TCGA-53-7624,36314,0.0
TCGA-53-7624,135410875,0.0
TCGA-53-7624,5311497,0.0
TCGA-FJ-A3Z7,5460033,1.0
TCGA-FJ-A3Z7,60750,1.0
TCGA-C5-A1M6,5360373,0.0
TCGA-C5-A1M6,5754,0.0
TCGA-C5-A1M6,5746,0.0
TCGA-C5-A1M6,5978,0.0
TCGA-AG-A01N,9887053,1.0
TCGA-HW-A5KJ,5394,0.0
TCGA-IB-A5SS,60750,1.0
TCGA-A6-A566,3385,0.0
TCGA-A6-A566,135403648,0.0
TCGA-A6-A566,9887053,0.0
TCGA-B7-A5TI,9887053,1.0
TCGA-AJ-A2QL,5460033,1.0
TCGA-AJ-A2QL,31703,1.0
TCGA-AJ-A2QL,36314,1.0
TCGA-SY-A9G5,5460033,1.0
TCGA-SY-A9G5,60750,1.0
TCGA-AA-3973,3385,0.0
TCGA-AA-3973,60838,0.0
TCGA-AA-3973,135403648,0.0
TCGA-VS-A9UH,5460033,1.0
TCGA-B0-5694,10113978,0.0
TCGA-AZ-6605,135659064,0.0
TCGA-DX-AB3C,31703,1.0
TCGA-DX-AB3C,36462,1.0
TCGA-3B-A9I0,148124,0.0
TCGA-3B-A9I0,31703,0.0
TCGA-3B-A9I0,60750,0.0
TCGA-AG-A016,3385,0.0
TCGA-AG-A016,135403648,0.0
TCGA-BW-A5NP,216239,0.0
TCGA-S3-A6ZF,2907,1.0
TCGA-S3-A6ZF,148124,1.0
TCGA-WH-A86K,5394,0.0
TCGA-Z7-A8R6,2907,1.0
TCGA-Z7-A8R6,31703,1.0
TCGA-Z7-A8R6,36314,1.0
TCGA-IB-AAUO,60750,0.0
TCGA-LP-A4AU,5460033,1.0
TCGA-LP-A4AU,3385,1.0
TCGA-DX-A6B7,148124,1.0
TCGA-DX-A6B7,60750,1.0
TCGA-S9-A6TW,5394,0.0
TCGA-BC-A8YO,216239,1.0
TCGA-DD-A1EK,216239,0.0
TCGA-AJ-A3I9,10339178,0.0
TCGA-AJ-A3I9,36314,0.0
TCGA-91-6848,5460033,1.0
TCGA-91-6848,148124,1.0
TCGA-UD-AAC6,10339178,0.0
TCGA-UD-AAC6,135410875,0.0
TCGA-05-4432,5460033,1.0
TCGA-05-4432,5311497,1.0
TCGA-DS-A7WF,5460033,1.0
TCGA-G6-A5PC,5329102,0.0
TCGA-FI-A2EU,10339178,1.0
TCGA-FI-A2EU,36314,1.0
TCGA-HT-A5RC,5394,0.0
TCGA-2G-AAKM,5360373,1.0
TCGA-2G-AAKM,5460033,1.0
TCGA-2G-AAKM,36462,1.0
TCGA-2G-AAFL,5360373,1.0
TCGA-2G-AAFL,5460033,1.0
TCGA-2G-AAFL,36462,1.0
TCGA-CN-4731,148124,0.0
TCGA-DX-A8BU,148124,0.0
TCGA-DX-A8BU,31703,0.0
TCGA-DX-A8BU,60750,0.0
TCGA-FB-A78T,60750,1.0
TCGA-K1-A6RU,31703,0.0
TCGA-DB-A64X,5394,0.0
TCGA-A8-A08B,2907,1.0
TCGA-A8-A08B,41867,1.0
TCGA-A8-A08B,3385,1.0
TCGA-A8-A08B,2733526,1.0
TCGA-MA-AA3X,5460033,1.0
TCGA-UC-A7PG,5460033,0.0
TCGA-GN-A9SD,457193,0.0
TCGA-GN-A9SD,460612,0.0
TCGA-GN-A9SD,42611257,0.0
TCGA-DU-8166,3950,0.0
TCGA-DU-8166,4915,0.0
TCGA-DU-8166,5394,0.0
TCGA-A8-A08C,2907,1.0
TCGA-A8-A08C,41867,1.0
TCGA-A8-A08C,3385,1.0
TCGA-DX-A8BV,148124,0.0
TCGA-DX-A8BV,31703,0.0
TCGA-DX-A8BV,60750,0.0
TCGA-4K-AA1G,5360373,1.0
TCGA-4K-AA1G,5460033,1.0
TCGA-4K-AA1G,36462,1.0
TCGA-AA-A01K,3385,1.0
TCGA-AA-A01K,135403648,1.0
TCGA-AA-A01K,9887053,1.0
TCGA-Q1-A73O,5460033,1.0
TCGA-UD-AAC4,5460033,0.0
TCGA-UD-AAC4,60750,0.0
TCGA-UD-AAC4,135410875,0.0
TCGA-UD-AAC4,5329102,0.0
TCGA-JY-A6FA,5460033,1.0
TCGA-JY-A6FA,41867,1.0
TCGA-JY-A6FA,3385,1.0
TCGA-NH-A50V,3385,1.0
TCGA-NH-A50V,9887053,1.0
TCGA-BR-6458,36462,1.0
TCGA-BR-6458,3385,1.0
TCGA-BR-6458,135403648,1.0
TCGA-AA-A00U,3385,1.0
TCGA-AA-A00U,135403648,1.0
TCGA-AA-A00U,9887053,1.0
TCGA-CN-A641,5460033,1.0
TCGA-E9-A3HO,2907,1.0
TCGA-E9-A3HO,3385,1.0
TCGA-E9-A3HO,5311128,1.0
TCGA-E9-A3HO,657181,1.0
TCGA-E9-A3HO,126941,1.0
TCGA-IB-7652,60750,1.0
TCGA-2G-AAGE,5360373,1.0
TCGA-2G-AAGE,5460033,1.0
TCGA-2G-AAGE,36462,1.0
TCGA-A2-A0EP,2187,1.0
TCGA-A2-A0EP,2907,1.0
TCGA-A2-A0EP,31703,1.0
TCGA-A2-A0EP,36314,1.0
TCGA-H7-A6C4,10339178,1.0
TCGA-H7-A6C4,5460033,1.0
TCGA-05-4402,10339178,1.0
TCGA-05-4402,176870,1.0
TCGA-05-4402,5311497,1.0
TCGA-IR-A3LK,10339178,0.0
TCGA-IR-A3LK,5460033,1.0
TCGA-IR-A3LK,36314,0.0
TCGA-BR-6710,3385,1.0
TCGA-BR-6710,135403648,1.0
TCGA-LL-A50Y,2187,1.0
TCGA-A8-A08O,2187,0.0
TCGA-A8-A08O,148124,0.0
TCGA-A8-A08O,5311497,0.0
TCGA-HW-8319,5394,0.0
TCGA-DB-A64W,5394,0.0
TCGA-AA-A01F,3385,1.0
TCGA-AA-A01F,135403648,1.0
TCGA-AA-A01F,9887053,1.0
TCGA-EE-A3JI,135398738,0.0
TCGA-2X-A9D5,5460033,1.0
TCGA-2X-A9D5,36462,1.0
TCGA-E9-A1NG,2733526,1.0
TCGA-D6-A6EK,5460033,1.0
TCGA-F2-A8YN,60750,0.0
TCGA-F7-A50J,5460033,1.0
TCGA-DQ-7593,10339178,1.0
TCGA-DQ-7593,36314,1.0
TCGA-IQ-A61J,5460033,1.0
TCGA-E2-A573,2907,1.0
TCGA-E2-A573,148124,1.0
TCGA-KS-A4IB,5920,1.0
TCGA-S9-A7R8,4493,0.0
TCGA-S9-A7R8,5394,0.0
TCGA-91-7771,5460033,1.0
TCGA-91-7771,135410875,1.0
TCGA-W3-AA1Q,60750,0.0
TCGA-W3-AA1Q,2733526,0.0
TCGA-3H-AB3M,10339178,0.0
TCGA-3H-AB3M,5460033,0.0
TCGA-3H-AB3M,3062316,0.0
TCGA-3H-AB3M,31703,0.0
TCGA-3H-AB3M,6442177,0.0
TCGA-3H-AB3M,5291,0.0
TCGA-3H-AB3M,135410875,0.0
TCGA-3H-AB3M,6918289,0.0
TCGA-2G-AAG8,5360373,1.0
TCGA-2G-AAG8,5460033,1.0
TCGA-2G-AAG8,36462,1.0
TCGA-AP-A3K1,31703,0.0
TCGA-BR-6709,10339178,1.0
TCGA-BR-6709,5460033,1.0
TCGA-BR-6709,3385,1.0
TCGA-BR-6709,135403648,1.0
TCGA-QQ-A8VD,31703,0.0
TCGA-QQ-A8VD,5291,0.0
TCGA-QQ-A8VD,5035,0.0
TCGA-QQ-A8VD,1548887,0.0
TCGA-QQ-A8VD,2733526,0.0
TCGA-43-A474,10339178,1.0
TCGA-43-A474,148124,1.0
TCGA-N8-A4PN,10339178,1.0
TCGA-N8-A4PN,36314,1.0
TCGA-VS-A8EK,5460033,1.0
TCGA-BR-A44T,3385,1.0
TCGA-BR-A44T,135403648,1.0
TCGA-2G-AAKH,5360373,1.0
TCGA-2G-AAKH,5460033,1.0
TCGA-2G-AAKH,36462,1.0
TCGA-DU-A5TS,5394,0.0
TCGA-EE-A29Q,135398738,0.0
TCGA-A6-5664,3385,0.0
TCGA-A6-5664,60838,0.0
TCGA-A6-5664,135403648,0.0
TCGA-KS-A4I9,5920,1.0
TCGA-AA-3930,60953,0.0
TCGA-G7-A8LD,6442177,0.0
TCGA-G7-A8LD,5329102,0.0
TCGA-MP-A4TF,5460033,1.0
TCGA-MP-A4TF,5311497,1.0
TCGA-EO-A1Y5,10339178,1.0
TCGA-EO-A1Y5,36314,1.0
TCGA-OR-A5JM,47576,0.0
TCGA-OR-A5JM,5329102,0.0
TCGA-FD-A3SO,5460033,0.0
TCGA-FD-A3SO,60750,0.0
TCGA-EB-A550,2733526,1.0
TCGA-EX-A449,10339178,1.0
TCGA-EX-A449,5460033,1.0
TCGA-EX-A449,36314,1.0
TCGA-DK-A3IV,5460033,0.0
TCGA-DK-A3IV,60750,0.0
TCGA-S8-A6BV,135659064,0.0
TCGA-EA-A3QD,5460033,1.0
TCGA-2G-AAGF,5360373,1.0
TCGA-2G-AAGF,5460033,1.0
TCGA-2G-AAGF,36462,1.0
TCGA-DS-A5RQ,5460033,1.0
TCGA-86-A4P8,5460033,1.0
TCGA-86-A4P8,135410875,1.0
TCGA-95-A4VP,10339178,0.0
TCGA-95-A4VP,36314,0.0
TCGA-AA-A02F,3385,1.0
TCGA-AA-A02F,60838,1.0
TCGA-AA-A02F,135403648,1.0
TCGA-AA-A02F,9887053,1.0
TCGA-AG-3609,3385,1.0
TCGA-AG-3609,135403648,1.0
TCGA-AG-3609,9887053,1.0
TCGA-BR-6802,60953,1.0
TCGA-BR-6802,3385,1.0
TCGA-BR-6802,135403648,1.0
TCGA-Q1-A5R2,5460033,1.0
TCGA-A7-A5ZW,2907,1.0
TCGA-A7-A5ZW,148124,1.0
TCGA-EW-A2FS,5311128,0.0
TCGA-HU-A4GP,3045,0.0
TCGA-B0-5115,6442177,0.0
TCGA-B0-5115,10113978,0.0
TCGA-DX-A7EN,148124,1.0
TCGA-DX-A7EN,60750,1.0
TCGA-FG-6689,5394,0.0
TCGA-VS-A9UU,5460033,1.0
TCGA-F2-6880,60750,1.0
TCGA-BR-8680,41867,1.0
TCGA-BR-8680,11354606,1.0
TCGA-BR-8680,6741,1.0
TCGA-BR-8680,9887053,1.0
TCGA-DQ-7594,10339178,1.0
TCGA-DQ-7594,36314,1.0
TCGA-N9-A4Q7,10339178,1.0
TCGA-N9-A4Q7,148124,1.0
TCGA-N9-A4Q7,36314,1.0
TCGA-B7-A5TK,60953,1.0
TCGA-CD-A486,60953,1.0
TCGA-CD-A486,5460033,1.0
TCGA-CD-A486,36314,1.0
TCGA-DD-A4NH,216239,0.0
TCGA-AA-3955,60953,1.0
TCGA-AA-3955,9887053,1.0
TCGA-YL-A8HM,2375,1.0
TCGA-YL-A8HM,5311128,1.0
TCGA-KK-A6E1,657181,1.0
TCGA-ZM-AA06,5360373,1.0
TCGA-ZM-AA06,5460033,1.0
TCGA-ZM-AA06,36462,1.0
TCGA-BR-8296,36462,1.0
TCGA-BR-8296,3385,1.0
TCGA-BR-8296,135403648,1.0
TCGA-IG-A7DP,10339178,1.0
TCGA-IG-A7DP,60750,1.0
TCGA-FD-A5C1,5460033,1.0
TCGA-FD-A5C1,60750,1.0
TCGA-IQ-A61O,5460033,1.0
TCGA-A2-A0CK,2907,1.0
TCGA-A2-A0CK,148124,1.0
TCGA-A2-A0CK,31703,1.0
TCGA-A2-A0CK,36314,1.0
TCGA-AG-3728,3385,1.0
TCGA-AG-3728,135403648,1.0
TCGA-AG-3728,9887053,1.0
TCGA-MP-A4T9,5460033,1.0
TCGA-MP-A4T9,60750,1.0
TCGA-MP-A4T9,5311497,1.0
TCGA-J9-A52B,5311128,1.0
TCGA-KS-A4I1,5920,1.0
TCGA-A2-A0CO,2733526,1.0
TCGA-3B-A9HR,135398738,0.0
TCGA-3B-A9HR,148124,0.0
TCGA-3B-A9HR,60750,0.0
TCGA-3B-A9HR,10113978,0.0
TCGA-3B-A9HR,108150,0.0
TCGA-D7-8579,3385,1.0
TCGA-43-5668,60750,0.0
TCGA-BR-8371,5460033,0.0
TCGA-BR-8371,36462,0.0
TCGA-BR-8371,3385,0.0
TCGA-BR-8371,135403648,0.0
TCGA-DX-A6B8,31703,0.0
TCGA-3B-A9HT,5460033,1.0
TCGA-CR-7389,10339178,1.0
TCGA-CR-7389,36314,1.0
TCGA-DK-A3IU,10339178,0.0
TCGA-DK-A3IU,60750,0.0
TCGA-VS-A8QC,36314,0.0
TCGA-BG-A0VZ,5460033,1.0
TCGA-BG-A0VZ,31703,1.0
TCGA-BG-A0VZ,36314,1.0
TCGA-A8-A08F,2907,1.0
TCGA-A8-A08F,148124,1.0
TCGA-A8-A08F,41867,1.0
TCGA-A8-A08F,3385,1.0
TCGA-2G-AAGT,5360373,1.0
TCGA-2G-AAGT,5460033,1.0
TCGA-2G-AAGT,36462,1.0
TCGA-FG-A70Y,5394,0.0
TCGA-3H-AB3O,9933475,1.0
TCGA-3H-AB3O,5460033,1.0
TCGA-3H-AB3O,3062316,1.0
TCGA-3H-AB3O,135410875,1.0
TCGA-A7-A6VV,2907,1.0
TCGA-A7-A6VV,148124,1.0
TCGA-DX-A6YX,148124,0.0
TCGA-DX-A6YX,31703,0.0
TCGA-DX-A6YX,60750,0.0
TCGA-62-A46Y,5460033,1.0
TCGA-62-A46Y,5311497,1.0
TCGA-CN-A6V3,5460033,1.0
TCGA-EB-A5SH,5460033,1.0
TCGA-EB-A5SH,135398738,1.0
TCGA-A7-A4SD,2907,1.0
TCGA-A7-A4SD,148124,1.0
TCGA-P3-A6T3,5460033,1.0
TCGA-CR-7404,10339178,1.0
TCGA-OE-A75W,3385,0.0
TCGA-CG-4477,5460033,0.0
TCGA-CG-4477,3385,0.0
TCGA-VS-A9V0,5460033,1.0
TCGA-XF-AAN7,60750,1.0
TCGA-XF-AAN7,36314,0.0
TCGA-EE-A2MQ,135398738,0.0
TCGA-P5-A5F2,104799,1.0
TCGA-S3-AA10,2907,1.0
TCGA-S3-AA10,148124,1.0
TCGA-2G-AAGA,5360373,1.0
TCGA-2G-AAGA,5460033,1.0
TCGA-2G-AAGA,36462,1.0
TCGA-AG-A036,3385,1.0
TCGA-IB-7891,60750,0.0
TCGA-IB-7891,60838,0.0
TCGA-IB-7891,135403648,0.0
TCGA-IB-7891,9887053,0.0
TCGA-QH-A65V,3950,0.0
TCGA-QH-A65V,4915,0.0
TCGA-QH-A65V,5978,0.0
TCGA-VR-A8EQ,3385,1.0
TCGA-99-8033,36314,0.0
TCGA-AZ-6606,3385,0.0
TCGA-AZ-6606,136170999,0.0
TCGA-N7-A4Y8,10339178,0.0
TCGA-N7-A4Y8,36314,0.0
TCGA-AA-A00J,3385,1.0
TCGA-B6-A402,2907,1.0
TCGA-B6-A402,31703,1.0
TCGA-B6-A402,36314,1.0
TCGA-US-A774,60750,0.0
TCGA-A8-A08X,2907,1.0
TCGA-A8-A08X,31703,1.0
TCGA-A8-A08X,36314,1.0
TCGA-A8-A08X,5311497,1.0
TCGA-A2-A3XT,2907,1.0
TCGA-A2-A3XT,148124,1.0
TCGA-A2-A3XT,31703,1.0
TCGA-X2-A95T,148124,1.0
TCGA-X2-A95T,60750,1.0
TCGA-OY-A56Q,10339178,1.0
TCGA-OY-A56Q,36314,1.0
TCGA-DU-8165,5394,0.0
TCGA-HJ-7597,3385,1.0
TCGA-HJ-7597,60838,1.0
TCGA-HJ-7597,126941,0.0
TCGA-OL-A6VO,2907,1.0
TCGA-OL-A6VO,148124,1.0
TCGA-AG-3584,3385,0.0
TCGA-AG-3584,60838,0.0
TCGA-AG-3584,135403648,0.0
TCGA-AG-3584,9887053,0.0
TCGA-EW-A3U0,5460033,1.0
TCGA-EW-A3U0,2907,1.0
TCGA-EW-A3U0,148124,1.0
TCGA-EW-A3U0,31703,1.0
TCGA-B9-4114,10113978,0.0
TCGA-2G-AAF6,5360373,1.0
TCGA-2G-AAF6,5460033,1.0
TCGA-2G-AAF6,36462,1.0
TCGA-TM-A84M,3950,1.0
TCGA-TM-A84M,4915,1.0
TCGA-TM-A84M,5978,1.0
TCGA-EE-A29V,135398738,0.0
TCGA-3B-A9HP,148124,0.0
TCGA-3B-A9HP,60750,0.0
TCGA-VQ-A8P3,3385,1.0
TCGA-FG-8191,5394,0.0
TCGA-BT-A2LD,10339178,0.0
TCGA-BT-A2LD,36314,0.0
TCGA-HG-A2PA,10339178,1.0
TCGA-HG-A2PA,36314,1.0
TCGA-2L-AAQJ,60750,0.0
TCGA-EX-A3L1,5460033,1.0
TCGA-N8-A4PO,10339178,0.0
TCGA-N8-A4PO,36314,0.0
TCGA-VS-A9V5,10339178,0.0
TCGA-AC-A62V,36314,1.0
TCGA-VQ-AA6B,3385,1.0
TCGA-VP-A878,5311128,1.0
TCGA-2G-AAGK,5360373,1.0
TCGA-2G-AAGK,5460033,1.0
TCGA-2G-AAGK,36462,1.0
TCGA-EK-A2H0,5460033,1.0
TCGA-WE-A8ZR,42611257,0.0
TCGA-VS-A954,5460033,1.0
TCGA-S4-A8RM,60750,1.0
TCGA-AQ-A54O,2907,1.0
TCGA-AQ-A54O,31703,1.0
TCGA-AQ-A54O,36314,1.0
TCGA-A7-A6VY,2907,1.0
TCGA-A7-A6VY,31703,1.0
TCGA-A7-A6VY,36314,1.0
TCGA-DB-A4XF,5394,0.0
TCGA-IQ-A61G,5460033,0.0
TCGA-S3-A6ZG,2907,1.0
TCGA-S3-A6ZG,31703,1.0
TCGA-S3-AA11,2187,1.0
TCGA-S3-AA11,60198,1.0
TCGA-S3-AA11,3902,1.0
TCGA-GM-A2DH,2907,1.0
TCGA-GM-A2DH,31703,1.0
TCGA-GM-A2DH,3385,1.0
TCGA-GM-A2DH,36314,1.0
TCGA-S9-A7R4,5394,0.0
TCGA-DD-A3A4,60750,0.0
TCGA-JY-A93D,3385,1.0
TCGA-86-8674,5460033,0.0
TCGA-86-8674,13342,0.0
TCGA-BA-A6DJ,5460033,1.0
TCGA-NH-A50U,60953,0.0
TCGA-NH-A50U,3385,0.0
TCGA-NH-A50U,135403648,1.0
TCGA-NH-A50U,9887053,1.0
TCGA-NH-A50U,11167602,0.0
TCGA-FB-AAQ6,60750,1.0
TCGA-YL-A8SO,2375,1.0
TCGA-BR-8381,3385,1.0
TCGA-BR-8381,135403648,1.0
TCGA-BR-8381,9887053,1.0
TCGA-CG-5732,5460033,0.0
TCGA-CG-5732,148124,0.0
TCGA-CG-5732,3385,0.0
TCGA-CG-5732,135403648,0.0
TCGA-CG-5732,5746,1.0
TCGA-YU-A94D,5360373,0.0
TCGA-A7-A6VX,2907,1.0
TCGA-A7-A6VX,148124,1.0
TCGA-EQ-A4SO,60953,1.0
TCGA-EQ-A4SO,9887053,1.0
TCGA-86-A4D0,5460033,1.0
TCGA-86-A4D0,36462,1.0
TCGA-DU-A6S7,5394,0.0
TCGA-EO-A3B1,10339178,1.0
TCGA-EO-A3B1,36314,1.0
TCGA-J2-8194,10339178,0.0
TCGA-J2-8194,148124,0.0
TCGA-J2-8194,60750,0.0
TCGA-2G-AAFG,5360373,1.0
TCGA-2G-AAFG,5460033,1.0
TCGA-2G-AAFG,36462,1.0
TCGA-86-8054,5460033,1.0
TCGA-86-8054,36314,1.0
TCGA-GV-A3QH,5460033,0.0
TCGA-GV-A3QH,60750,0.0
TCGA-G2-A3IE,5460033,0.0
TCGA-G2-A3IE,60750,1.0
TCGA-G2-A3IE,126941,0.0
TCGA-G2-A3IE,13342,0.0
TCGA-58-A46L,10339178,1.0
TCGA-58-A46L,148124,1.0
TCGA-A5-A3LP,10339178,1.0
TCGA-A2-A3XU,2187,0.0
TCGA-A2-A3XU,60953,0.0
TCGA-BA-A4IH,5460033,1.0
TCGA-AA-3680,3385,0.0
TCGA-AA-3680,135403648,0.0
TCGA-AA-3680,9887053,0.0
TCGA-LK-A4O5,5460033,0.0
TCGA-LK-A4O5,31703,0.0
TCGA-LK-A4O5,135410875,0.0
TCGA-AJ-A3EK,10339178,1.0
TCGA-AJ-A3EK,36314,1.0
TCGA-VS-A9UP,5460033,1.0
TCGA-VQ-A8PP,3385,0.0
TCGA-MQ-A6BR,5460033,1.0
TCGA-MQ-A6BR,135410875,1.0
TCGA-P3-A6T8,5460033,1.0
TCGA-F4-6807,60953,1.0
TCGA-L5-A88W,10339178,0.0
TCGA-L5-A88W,60750,1.0
TCGA-L5-A88W,36314,0.0
TCGA-SC-A6LR,5460033,0.0
TCGA-SC-A6LR,135410875,0.0
TCGA-XF-AAME,10339178,0.0
TCGA-XF-AAME,5460033,1.0
TCGA-XF-AAME,60750,1.0
TCGA-BT-A2LA,10339178,1.0
TCGA-BT-A2LA,36462,1.0
TCGA-IF-A4AJ,31703,0.0
TCGA-BR-8291,36462,1.0
TCGA-BR-8291,3385,1.0
TCGA-BR-8291,135403648,1.0
TCGA-2G-AAFM,5360373,1.0
TCGA-2G-AAFM,5460033,1.0
TCGA-2G-AAFM,36462,1.0
TCGA-Q1-A5R3,5460033,1.0
TCGA-UF-A7JC,5460033,1.0
TCGA-NC-A5HQ,10339178,1.0
TCGA-NC-A5HQ,5311497,1.0
TCGA-S3-AA15,2907,1.0
TCGA-S3-AA15,31703,1.0
TCGA-S3-AA15,36314,1.0
TCGA-E9-A1NI,2907,1.0
TCGA-E9-A1NI,31703,1.0
TCGA-E9-A1NI,3385,1.0
TCGA-IG-A3I8,5460033,1.0
TCGA-IG-A3I8,3385,1.0
TCGA-H6-8124,60953,1.0
TCGA-BH-A8G0,2907,1.0
TCGA-BH-A8G0,148124,1.0
TCGA-L1-A7W4,60750,0.0
TCGA-DU-8168,5394,0.0
TCGA-EW-A1OY,36314,0.0
TCGA-FC-A4JI,2375,1.0
TCGA-K1-A3PN,148124,0.0
TCGA-K1-A3PN,60750,0.0
TCGA-VS-A8EC,10339178,1.0
TCGA-VS-A8EC,36314,1.0
TCGA-2G-AAHC,5360373,1.0
TCGA-2G-AAHC,5460033,1.0
TCGA-2G-AAHC,36462,1.0
TCGA-BR-6563,2907,1.0
TCGA-BR-6563,135398738,1.0
TCGA-BR-6563,31703,1.0
TCGA-BR-6563,5978,1.0
TCGA-YL-A9WL,657181,1.0
TCGA-3A-A9J0,60750,0.0
TCGA-HU-A4GX,5460033,0.0
TCGA-HU-A4GX,36314,0.0
TCGA-AF-6136,3385,0.0
TCGA-AF-6136,135403648,0.0
TCGA-AF-6136,9887053,0.0
TCGA-DB-A64O,5394,0.0
TCGA-HZ-8317,60750,0.0
TCGA-BA-A6D8,5460033,1.0
TCGA-SX-A7SM,10113978,1.0
TCGA-PK-A5HB,216239,0.0
TCGA-93-A4JP,10339178,1.0
TCGA-3B-A9HL,148124,0.0
TCGA-3B-A9HL,60750,0.0
TCGA-A2-A3XV,10339178,1.0
TCGA-A2-A3XV,148124,1.0
TCGA-EB-A553,10339178,1.0
TCGA-EB-A553,135398738,1.0
TCGA-50-5068,36314,0.0
TCGA-MY-A5BF,5460033,1.0
TCGA-4H-AAAK,2907,1.0
TCGA-4H-AAAK,31703,1.0
TCGA-4H-AAAK,3385,1.0
TCGA-CN-6996,60953,0.0
TCGA-CN-6996,5311,0.0
TCGA-43-6647,10339178,1.0
TCGA-43-6647,36314,1.0
TCGA-VQ-A8PU,3385,1.0
TCGA-E6-A8L9,10339178,1.0
TCGA-E6-A8L9,36314,1.0
TCGA-53-7626,5460033,0.0
TCGA-53-7626,148124,0.0
TCGA-FD-A6TC,60750,1.0
TCGA-AZ-4682,3385,0.0
TCGA-AZ-4682,60838,0.0
TCGA-AZ-4682,135403648,0.0
TCGA-86-7955,5460033,1.0
TCGA-86-7955,36462,1.0
TCGA-LL-A440,2907,1.0
TCGA-LL-A440,148124,1.0
TCGA-HT-A5RA,5394,1.0
TCGA-QK-A8Z7,10339178,1.0
TCGA-QK-A8Z7,36314,1.0
TCGA-2G-AAFY,5360373,1.0
TCGA-2G-AAFY,5460033,1.0
TCGA-2G-AAFY,36462,1.0
TCGA-VQ-A91N,3385,0.0
TCGA-EA-A4BA,10339178,1.0
TCGA-EA-A4BA,2907,1.0
TCGA-EA-A4BA,31703,1.0
TCGA-MH-A855,10339178,1.0
TCGA-MH-A855,135410875,1.0
TCGA-D3-A1Q9,657181,0.0
TCGA-A6-A56B,3385,1.0
TCGA-A6-A56B,135403648,1.0
TCGA-A6-A56B,9887053,1.0
TCGA-AA-3560,3385,1.0
TCGA-AA-3560,135403648,1.0
TCGA-AA-3560,9887053,1.0
TCGA-HT-8114,5394,1.0
TCGA-FB-A5VM,60750,0.0
TCGA-VS-A8QH,60750,1.0
TCGA-90-A59Q,5460033,1.0
TCGA-F4-6806,60953,1.0
TCGA-F4-6806,5746,1.0
TCGA-50-5072,10339178,0.0
TCGA-50-5072,36314,0.0
TCGA-QF-A5YT,5460033,1.0
TCGA-V5-AASV,10339178,1.0
TCGA-V5-AASV,36314,1.0
TCGA-GM-A4E0,60953,1.0
TCGA-GM-A4E0,2907,1.0
TCGA-GM-A4E0,148124,1.0
TCGA-GM-A4E0,41867,1.0
TCGA-GM-A4E0,3385,1.0
TCGA-KK-A8I9,657181,1.0
TCGA-AA-3971,3385,1.0
TCGA-AA-3971,135403648,1.0
TCGA-AA-3971,9887053,1.0
TCGA-KN-8428,216239,0.0
TCGA-E9-A1RI,657181,1.0
TCGA-N5-A4RM,10339178,0.0
TCGA-N5-A4RM,36314,0.0
TCGA-UF-A7JK,5460033,1.0
TCGA-CF-A47S,31703,1.0
TCGA-FD-A5BS,5460033,1.0
TCGA-FD-A5BS,60750,1.0
TCGA-CN-A63T,5460033,1.0
TCGA-3A-A9IC,3385,0.0
TCGA-49-AAR4,10339178,1.0
TCGA-49-AAR4,36314,1.0
TCGA-E9-A3X8,2907,1.0
TCGA-E9-A3X8,31703,1.0
TCGA-E9-A3X8,3385,1.0
TCGA-CN-A6V6,5460033,1.0
TCGA-IE-A6BZ,31703,1.0
TCGA-IE-A6BZ,446541,1.0
TCGA-UD-AAC1,10339178,0.0
TCGA-UD-AAC1,60750,0.0
TCGA-VS-A8QM,5460033,0.0
TCGA-A8-A09M,36314,1.0
TCGA-2G-AAFN,5460033,1.0
TCGA-2G-AAFN,36462,1.0
TCGA-2G-AAG9,5360373,1.0
TCGA-2G-AAG9,5460033,1.0
TCGA-2G-AAG9,36462,1.0
TCGA-DK-A6B6,5460033,1.0
TCGA-DK-A6B6,60750,1.0
TCGA-BH-A0W7,2187,1.0
TCGA-BH-A0W7,2907,1.0
TCGA-BH-A0W7,148124,1.0
TCGA-BH-A0W7,2733526,1.0
TCGA-UC-A7PI,5460033,1.0
TCGA-EB-A6QY,10339178,1.0
TCGA-EB-A6QY,135398738,1.0
TCGA-QK-A6IF,10339178,1.0
TCGA-QK-A6IF,36314,1.0
TCGA-XF-A9SY,10339178,0.0
TCGA-XF-A9SY,60750,0.0
TCGA-86-8076,5460033,1.0
TCGA-86-8076,36462,1.0
TCGA-A4-A57E,6442177,0.0
TCGA-DB-A4XD,5394,1.0
TCGA-BR-A4IV,60953,1.0
TCGA-BR-A4IV,5743,1.0
TCGA-BR-A4IV,41867,1.0
TCGA-BR-A4IV,9887053,1.0
TCGA-VV-A829,5394,0.0
TCGA-BR-A4IY,60953,1.0
TCGA-BR-A4IY,5743,1.0
TCGA-BR-A4IY,41867,1.0
TCGA-BR-A4IY,9887053,1.0
TCGA-CQ-A4CH,5460033,1.0
TCGA-A8-A08I,2907,1.0
TCGA-A8-A08I,41867,1.0
TCGA-A8-A08I,3385,1.0
TCGA-LI-A67I,31703,0.0
TCGA-VQ-A91Z,3385,1.0
TCGA-VQ-A91Z,135403648,1.0
TCGA-DU-A76R,5394,0.0
TCGA-BR-8367,36462,1.0
TCGA-BR-8367,9887053,0.0
TCGA-NF-A4WX,10339178,1.0
TCGA-NF-A4WX,36314,1.0
TCGA-S9-A7R7,2578,0.0
TCGA-S9-A7R7,5394,0.0
TCGA-2G-AAFH,5360373,1.0
TCGA-2G-AAFH,5460033,1.0
TCGA-2G-AAFH,36462,1.0
TCGA-AA-3844,60953,0.0
TCGA-AA-3844,3385,0.0
TCGA-AA-3844,135403648,0.0
TCGA-AA-3844,9887053,0.0
TCGA-CN-A498,10339178,1.0
TCGA-HU-A4GD,3385,0.0
TCGA-HU-A4GD,5746,0.0
TCGA-05-5425,10339178,0.0
TCGA-05-5425,123631,0.0
TCGA-05-5425,36314,0.0
TCGA-3A-A9I5,3385,1.0
TCGA-3A-A9I5,60750,1.0
TCGA-IW-A3M4,148124,1.0
TCGA-XT-AASU,5460033,0.0
TCGA-XT-AASU,135410875,0.0
TCGA-G2-AA3D,5460033,0.0
TCGA-G2-AA3D,31703,0.0
TCGA-G2-AA3D,176870,1.0
TCGA-G2-AA3D,126941,0.0
TCGA-G2-AA3D,13342,0.0
TCGA-GN-A8LK,10339178,0.0
TCGA-GN-A8LK,135398738,0.0
TCGA-T2-A6WX,10339178,0.0
TCGA-DU-A6S6,5394,0.0
TCGA-DK-A6B2,60750,0.0
TCGA-FG-8189,5394,0.0
TCGA-N5-A4RT,10339178,1.0
TCGA-N5-A4RT,5460033,1.0
TCGA-N5-A4RT,36314,1.0
TCGA-AG-3894,3385,1.0
TCGA-VS-A9UO,5460033,1.0
TCGA-G2-A2EF,5460033,1.0
TCGA-G2-A2EF,31703,1.0
TCGA-G2-A2EF,126941,1.0
TCGA-G2-A2EF,13342,1.0
TCGA-IN-7806,60953,1.0
TCGA-IN-7806,41867,1.0
TCGA-IN-7806,9887053,1.0
TCGA-QH-A6X8,5394,0.0
TCGA-AG-3893,3385,1.0
TCGA-AG-3893,135403648,1.0
TCGA-AA-3494,60953,0.0
TCGA-AA-3494,3385,1.0
TCGA-AA-3494,60838,0.0
TCGA-AA-3494,135403648,1.0
TCGA-AA-3494,9887053,1.0
TCGA-BR-8690,10339178,1.0
TCGA-BR-8690,36462,1.0
TCGA-BR-8690,3385,1.0
TCGA-BR-8690,135403648,1.0
TCGA-S9-A89V,5394,0.0
TCGA-VS-A9UC,5460033,0.0
TCGA-LK-A4O7,5460033,0.0
TCGA-LK-A4O7,135410875,0.0
TCGA-HT-8013,5394,0.0
TCGA-3B-A9HZ,148124,0.0
TCGA-3B-A9HZ,60750,0.0
TCGA-3B-A9HZ,10113978,0.0
TCGA-2Y-A9GV,216239,0.0
TCGA-IQ-7630,148124,1.0
TCGA-BR-8362,5460033,0.0
TCGA-BR-8362,36462,1.0
TCGA-D7-A748,3385,0.0
TCGA-VQ-A922,3385,0.0
TCGA-DH-A7UU,5394,0.0
TCGA-EY-A54A,10339178,1.0
TCGA-EY-A54A,36314,1.0
TCGA-64-5778,176870,0.0
TCGA-EO-A2CG,10339178,1.0
TCGA-EO-A2CG,36314,1.0
TCGA-GM-A2DA,2907,1.0
TCGA-GM-A2DA,148124,0.0
TCGA-GM-A2DA,31703,1.0
TCGA-GM-A2DA,3385,1.0
TCGA-GM-A2DA,6445540,0.0
TCGA-GM-A2DA,208908,0.0
TCGA-GM-A2DA,3902,0.0
TCGA-GM-A2DA,11683,0.0
TCGA-GM-A2DA,126941,1.0
TCGA-GM-A2DA,36314,0.0
TCGA-GM-A2DA,2733526,0.0
TCGA-GM-A2DA,108150,0.0
TCGA-GM-A2DA,13342,1.0
TCGA-GM-A2DA,5311497,0.0
TCGA-69-A59K,5460033,0.0
TCGA-69-A59K,135410875,0.0
TCGA-IR-A3LA,5460033,1.0
TCGA-IR-A3LA,3385,1.0
TCGA-2G-AAFE,5460033,1.0
TCGA-2G-AAFE,36462,1.0
TCGA-2G-AAFE,3690,1.0
TCGA-62-8398,10339178,1.0
TCGA-62-8398,5311497,1.0
TCGA-TM-A84C,5394,0.0
TCGA-DD-A1EJ,216239,0.0
TCGA-2G-AAFO,5360373,1.0
TCGA-2G-AAFO,5460033,1.0
TCGA-2G-AAFO,36462,1.0
TCGA-A2-A4S2,2907,1.0
TCGA-A2-A4S2,31703,1.0
TCGA-A2-A4S2,36314,1.0
TCGA-DU-8161,60838,0.0
TCGA-EB-A3XC,135398738,1.0
TCGA-S9-A7R1,5394,0.0
TCGA-AA-3562,3385,1.0
TCGA-AA-3562,135403648,1.0
TCGA-AA-3562,9887053,1.0
TCGA-LL-A5YO,2907,1.0
TCGA-LL-A5YO,148124,1.0
TCGA-WE-AAA4,460612,1.0
TCGA-KK-A7B4,2375,0.0
TCGA-VS-A8EJ,5460033,0.0
TCGA-VS-A8EJ,3385,0.0
TCGA-E3-A3E0,5920,1.0
TCGA-XX-A899,2907,1.0
TCGA-XX-A899,148124,1.0
TCGA-N9-A4Q1,10339178,0.0
TCGA-N9-A4Q1,5460033,1.0
TCGA-CN-A6UY,10339178,1.0
TCGA-CF-A47T,10339178,0.0
TCGA-CF-A47T,3385,0.0
TCGA-97-8547,10339178,1.0
TCGA-97-8547,36314,1.0
TCGA-CE-A482,31703,1.0
TCGA-2G-AAHA,5360373,1.0
TCGA-2G-AAHA,5460033,1.0
TCGA-2G-AAHA,36462,1.0
TCGA-QF-A5YS,10339178,1.0
TCGA-QF-A5YS,36314,1.0
TCGA-N5-A59F,10339178,1.0
TCGA-N5-A59F,36314,1.0
TCGA-A6-A5ZU,3385,1.0
TCGA-A6-A5ZU,135403648,1.0
TCGA-A6-A5ZU,9887053,1.0
TCGA-EE-A3AF,104799,0.0
TCGA-53-A4EZ,5460033,1.0
TCGA-53-A4EZ,5311497,1.0
TCGA-XE-A8H1,5360373,1.0
TCGA-XE-A8H1,36462,1.0
TCGA-XE-A8H1,23939,1.0
TCGA-G2-AA3C,5460033,0.0
TCGA-G2-AA3C,60750,0.0
TCGA-BG-A2L7,10339178,1.0
TCGA-VM-A8CE,5394,0.0
TCGA-VM-A8CE,5978,0.0
TCGA-BT-A3PJ,10339178,0.0
TCGA-LK-A4NW,10339178,0.0
TCGA-LK-A4NW,5460033,0.0
TCGA-LK-A4NW,60750,0.0
TCGA-EE-A2MD,135398738,0.0
TCGA-DB-A64P,5394,0.0
TCGA-Q3-A5QY,60750,1.0
TCGA-DU-A76K,5394,0.0
TCGA-56-A4BW,10339178,1.0
TCGA-56-A4BW,36314,1.0
TCGA-3E-AAAZ,148124,1.0
TCGA-3E-AAAZ,60750,1.0
TCGA-VQ-AA6G,3385,0.0
TCGA-AG-A01W,3385,1.0
TCGA-F2-A44H,60953,1.0
TCGA-F2-A44H,60750,1.0
TCGA-HL-7533,60953,1.0
TCGA-HL-7533,5460033,1.0
TCGA-HL-7533,148124,1.0
TCGA-IB-7889,60750,0.0
TCGA-SH-A7BH,5460033,0.0
TCGA-SH-A7BH,135410875,0.0
TCGA-A7-A4SE,2907,1.0
TCGA-A7-A4SE,31703,1.0
TCGA-A7-A4SE,36314,1.0
TCGA-HW-8321,5394,0.0
TCGA-DX-AB3B,31703,1.0
TCGA-YL-A8HL,2375,1.0
TCGA-YL-A8HL,657181,1.0
TCGA-EY-A3QX,10339178,1.0
TCGA-EY-A3QX,36314,1.0
TCGA-FG-A6J3,5394,0.0
TCGA-FI-A2EY,10339178,1.0
TCGA-FI-A2EY,36314,1.0
TCGA-DB-A64V,5394,0.0
TCGA-E5-A4U1,148124,0.0
TCGA-QH-A65Z,3950,0.0
TCGA-QH-A65Z,4915,0.0
TCGA-QH-A65Z,5978,0.0
TCGA-IN-8462,60953,0.0
TCGA-IN-8462,41867,0.0
TCGA-IN-8462,9887053,0.0
TCGA-IN-8462,36314,0.0
TCGA-2G-AAKD,5360373,1.0
TCGA-2G-AAKD,5460033,1.0
TCGA-2G-AAKD,36462,1.0
TCGA-DD-A11D,216239,0.0
TCGA-VS-A9V1,5460033,0.0
TCGA-G6-A8L6,6450551,0.0
TCGA-G6-A8L6,5329102,0.0
TCGA-A2-A4RY,2907,1.0
TCGA-A2-A4RY,148124,1.0
TCGA-A2-A4RY,31703,1.0
TCGA-AF-A56L,3385,1.0
TCGA-AF-A56L,135403648,1.0
TCGA-AF-A56L,9887053,1.0
TCGA-AA-3869,60953,1.0
TCGA-AA-3869,3385,1.0
TCGA-AA-3869,60838,1.0
TCGA-AA-3869,135403648,1.0
TCGA-GM-A2DB,2907,1.0
TCGA-GM-A2DB,41867,1.0
TCGA-GM-A2DB,3385,1.0
TCGA-GM-A2DB,36314,1.0
TCGA-L9-A7SV,5460033,1.0
TCGA-L9-A7SV,135410875,1.0
TCGA-3H-AB3T,3062316,0.0
TCGA-3H-AB3T,5311,0.0
TCGA-P5-A5F4,3950,1.0
TCGA-P5-A5F4,4915,1.0
TCGA-P5-A5F4,5978,1.0
TCGA-N6-A4VF,446541,1.0
TCGA-N6-A4VF,36314,1.0
TCGA-VS-A8QF,5460033,1.0
TCGA-VS-A8EH,5460033,1.0
TCGA-A8-A075,2907,1.0
TCGA-A8-A075,148124,1.0
TCGA-A8-A075,41867,1.0
TCGA-VQ-A8DZ,3385,0.0
TCGA-58-A46K,10339178,1.0
TCGA-58-A46K,5311497,1.0
TCGA-2G-AAKL,5360373,1.0
TCGA-2G-AAKL,5460033,1.0
TCGA-2G-AAKL,36462,1.0
TCGA-IQ-A61E,5460033,1.0
TCGA-BH-A2L8,2907,1.0
TCGA-NH-A6GA,3385,0.0
TCGA-NH-A6GA,60838,0.0
TCGA-NH-A6GA,135403648,0.0
TCGA-NH-A6GA,9887053,0.0
TCGA-VS-A9U6,5460033,0.0
TCGA-AJ-A3BD,10339178,1.0
TCGA-AJ-A3BD,36314,1.0
TCGA-VR-A8ER,5460033,1.0
TCGA-VR-A8ER,3385,1.0
TCGA-2G-AAG5,5360373,1.0
TCGA-2G-AAG5,5460033,1.0
TCGA-2G-AAG5,36462,1.0
TCGA-86-8671,5460033,1.0
TCGA-86-8671,36462,1.0
TCGA-EB-A5KH,5460033,1.0
TCGA-EB-A5KH,135398738,1.0
TCGA-EB-A5KH,13342,1.0
TCGA-IB-A5SO,60750,0.0
TCGA-90-A4EE,5460033,1.0
TCGA-90-A4EE,148124,1.0
TCGA-GM-A2DF,2907,1.0
TCGA-GM-A2DF,41867,1.0
TCGA-GM-A2DF,3385,1.0
TCGA-GM-A2DF,36314,1.0
TCGA-HU-8602,60953,1.0
TCGA-TN-A7HJ,5460033,1.0
TCGA-N9-A4Q3,10339178,1.0
TCGA-N9-A4Q3,31703,0.0
TCGA-N9-A4Q3,36314,1.0
TCGA-86-7713,5460033,1.0
TCGA-86-7713,36462,1.0
TCGA-GM-A5PV,2907,1.0
TCGA-GM-A5PV,148124,1.0
TCGA-55-A48Z,5460033,0.0
TCGA-55-A48Z,135410875,0.0
TCGA-KK-A8ID,657181,1.0
TCGA-BR-7959,36462,1.0
TCGA-EB-A5UL,5360373,1.0
TCGA-EB-A5UL,135398738,1.0
TCGA-EB-A5UL,13342,1.0
TCGA-G2-A2EL,36462,0.0
TCGA-G2-A2EL,36314,0.0
TCGA-73-A9RS,10339178,0.0
TCGA-73-A9RS,148124,0.0
TCGA-73-A9RS,36314,0.0
TCGA-73-A9RS,135410875,0.0
TCGA-95-A4VK,5460033,0.0
TCGA-95-A4VK,135410875,0.0
TCGA-N7-A59B,10339178,1.0
TCGA-N7-A59B,148124,1.0
TCGA-N7-A59B,36314,1.0
TCGA-GN-A4U4,6450551,1.0
TCGA-A2-A3XY,10339178,0.0
TCGA-A2-A3XY,2907,1.0
TCGA-A2-A3XY,148124,0.0
TCGA-A2-A3XY,31703,1.0
TCGA-A2-A3XY,60750,0.0
TCGA-A2-A3XY,36314,1.0
TCGA-VS-A9V3,5460033,1.0
TCGA-DB-A4XB,5394,0.0
TCGA-S9-A6TY,5394,0.0
TCGA-LL-A740,2907,1.0
TCGA-LL-A740,31703,1.0
TCGA-LL-A740,36314,1.0
TCGA-G3-A3CG,216239,0.0
TCGA-69-7974,10339178,0.0
TCGA-69-7974,135410875,0.0
TCGA-A6-2671,3385,0.0
TCGA-A6-2671,60838,0.0
TCGA-A6-2671,135403648,0.0
TCGA-BA-A4IF,5460033,1.0
TCGA-IS-A3KA,11683,0.0
TCGA-IS-A3KA,2733526,0.0
TCGA-AA-3542,3385,1.0
TCGA-AA-3542,135403648,1.0
TCGA-AA-3542,9887053,1.0
TCGA-BJ-A2N7,5819,0.0
TCGA-FR-A8YC,31703,0.0
TCGA-N9-A4Q8,10339178,0.0
TCGA-N9-A4Q8,36314,0.0
TCGA-DD-A4NS,216239,0.0
TCGA-DD-A4NS,5394,0.0
TCGA-DD-A4NS,11960529,0.0
TCGA-A8-A07C,2907,1.0
TCGA-A8-A07C,148124,1.0
TCGA-A8-A07C,41867,1.0
TCGA-A8-A07C,3385,1.0
TCGA-LL-A7SZ,2907,1.0
TCGA-LL-A7SZ,31703,1.0
TCGA-LL-A7SZ,2733526,1.0
TCGA-XF-AAMR,5460033,1.0
TCGA-XF-AAMR,60750,1.0
TCGA-N6-A4VG,10339178,1.0
TCGA-N6-A4VG,36314,1.0
TCGA-FU-A23L,5460033,1.0
TCGA-FP-7998,5460033,1.0
TCGA-FP-7998,3385,1.0
TCGA-QH-A65X,3950,0.0
TCGA-QH-A65X,4915,0.0
TCGA-QH-A65X,5394,0.0
TCGA-QH-A65X,5978,0.0
TCGA-SH-A7BC,10339178,1.0
TCGA-SH-A7BC,135410875,1.0
TCGA-AG-A00C,3385,1.0
TCGA-AG-A00C,135403648,1.0
TCGA-AG-A00C,9887053,1.0
TCGA-AG-A020,3385,1.0
TCGA-AG-A020,135403648,1.0
TCGA-AG-A020,9887053,1.0
TCGA-MZ-A7D7,5460033,1.0
TCGA-N8-A4PQ,10339178,1.0
TCGA-N8-A4PQ,36314,1.0
TCGA-VQ-A8PD,3385,0.0
TCGA-QK-A8Z9,10339178,1.0
TCGA-QK-A8Z9,36314,1.0
TCGA-HW-8322,5394,0.0
TCGA-43-A475,5460033,1.0
TCGA-43-A475,148124,1.0
TCGA-IA-A83W,2907,1.0
TCGA-IA-A83W,31703,1.0
TCGA-IA-A83W,5978,1.0
TCGA-W3-A825,5460033,1.0
TCGA-W3-A825,135398738,1.0
TCGA-W3-A825,2733526,1.0
TCGA-W3-A825,13342,1.0
TCGA-B5-A1MS,60750,0.0
TCGA-B5-A1MS,60700,0.0
TCGA-2Z-A9J3,5329102,0.0
TCGA-VQ-AA6F,3385,0.0
TCGA-EA-A44S,5360373,0.0
TCGA-EA-A44S,10339178,0.0
TCGA-EA-A44S,31703,0.0
TCGA-EA-A44S,60750,0.0
TCGA-A2-A3Y0,2187,1.0
TCGA-A2-A3Y0,2907,1.0
TCGA-A2-A3Y0,148124,1.0
TCGA-A2-A3Y0,31703,1.0
TCGA-A2-A3Y0,3902,1.0
TCGA-A8-A08P,2907,1.0
TCGA-A8-A08P,148124,1.0
TCGA-A8-A08P,31703,1.0
TCGA-A8-A08P,3385,1.0
TCGA-AZ-4616,60953,0.0
TCGA-BR-A4IU,5743,1.0
TCGA-BR-A4IU,41867,1.0
TCGA-BR-A4IU,9887053,1.0
TCGA-A7-A4SB,2907,1.0
TCGA-A7-A4SB,148124,1.0
TCGA-CR-7383,10339178,1.0
TCGA-CR-7383,36314,1.0
TCGA-B0-5107,5329102,0.0
TCGA-3H-AB3L,3062316,0.0
TCGA-HU-8249,60953,1.0
TCGA-05-5428,5460033,1.0
TCGA-05-5428,5311497,1.0
TCGA-A2-A3XW,2907,1.0
TCGA-A2-A3XW,31703,1.0
TCGA-A2-A3XW,36314,1.0
TCGA-VS-A9UY,5460033,0.0
TCGA-VW-A7QS,5394,1.0
TCGA-VQ-A8PB,3385,1.0
TCGA-FD-A3B4,5460033,1.0
TCGA-FD-A3B4,60750,1.0
TCGA-VS-A957,5460033,1.0
TCGA-YL-A9WK,657181,1.0
TCGA-NC-A5HO,10339178,1.0
TCGA-NC-A5HO,5311497,1.0
TCGA-RB-AA9M,60750,0.0
TCGA-DU-A76O,5394,0.0
TCGA-UF-A7JJ,5460033,1.0
TCGA-FP-8209,3385,1.0
TCGA-FP-8209,135403648,1.0
TCGA-69-7973,5460033,1.0
TCGA-69-7973,135410875,1.0
TCGA-HM-A4S6,5460033,1.0
TCGA-HT-8564,5394,0.0
TCGA-LL-A8F5,36314,1.0
TCGA-QT-A5XJ,60953,0.0
TCGA-QT-A5XJ,5394,0.0
TCGA-S3-AA14,2907,1.0
TCGA-S3-AA14,31703,1.0
TCGA-VS-A9U5,5460033,1.0
TCGA-VS-A9UR,5460033,1.0
TCGA-XF-AAN0,5460033,1.0
TCGA-XF-AAN0,17755248,1.0
TCGA-AA-3692,3385,0.0
TCGA-AA-3692,60838,0.0
TCGA-AA-3692,135403648,0.0
TCGA-IS-A3K7,31703,1.0
TCGA-KS-A4I3,5920,1.0
TCGA-GV-A40E,5460033,0.0
TCGA-GV-A40E,60750,0.0
TCGA-EB-A85J,135398738,1.0
TCGA-EB-A85J,5978,1.0
TCGA-D3-A1Q1,2907,0.0
TCGA-F1-A72C,60953,1.0
TCGA-BG-A2AE,10339178,1.0
TCGA-BG-A2AE,36314,1.0
TCGA-FD-A3SQ,5460033,0.0
TCGA-FD-A3SQ,60750,0.0
TCGA-L3-A524,5460033,1.0
TCGA-L3-A524,60750,1.0
TCGA-FJ-A3Z9,5460033,1.0
TCGA-FJ-A3Z9,60750,1.0
TCGA-A8-A095,2907,1.0
TCGA-A8-A095,31703,1.0
TCGA-A8-A095,3385,1.0
TCGA-CE-A481,31703,1.0
TCGA-ED-A459,3678,1.0
TCGA-A7-A6VW,2907,1.0
TCGA-A7-A6VW,31703,1.0
TCGA-A7-A6VW,36314,1.0
TCGA-2L-AAQE,60750,0.0
TCGA-DK-A3IQ,60750,0.0
TCGA-W3-AA1O,2578,0.0
TCGA-W3-AA1O,5460033,0.0
TCGA-W3-AA1O,135398738,0.0
TCGA-W3-AA1O,2733526,0.0
TCGA-YL-A8HJ,2375,1.0
TCGA-YL-A8HJ,5311128,1.0
TCGA-G2-A2EJ,5460033,0.0
TCGA-G2-A2EJ,446541,0.0
TCGA-G2-A2EJ,36314,0.0
TCGA-QS-A5YQ,10339178,1.0
TCGA-QS-A5YQ,5460033,1.0
TCGA-QS-A5YQ,36314,1.0
TCGA-B0-4844,5426,0.0
TCGA-N5-A4RJ,10339178,1.0
TCGA-N5-A4RJ,36314,1.0
TCGA-AA-3548,3385,1.0
TCGA-AA-3548,60838,1.0
TCGA-AA-3548,135403648,1.0
TCGA-EB-A3Y6,135398738,1.0
TCGA-3H-AB3K,3062316,1.0
TCGA-85-A50Z,5460033,1.0
TCGA-85-A50Z,36462,1.0
TCGA-N6-A4VC,10339178,0.0
TCGA-VS-A9U7,5460033,1.0
TCGA-EE-A2ML,135398738,0.0
TCGA-EE-A2ML,104799,0.0
TCGA-A8-A08G,2907,1.0
TCGA-A8-A08G,148124,1.0
TCGA-A8-A08G,41867,1.0
TCGA-A8-A08G,3385,1.0
TCGA-S9-A6WM,5394,0.0
TCGA-QG-A5YX,60953,1.0
TCGA-WB-A81Q,2907,0.0
TCGA-WB-A81Q,135398738,0.0
TCGA-WB-A81Q,60750,0.0
TCGA-WB-A81Q,5978,0.0
TCGA-MY-A5BD,5460033,1.0
TCGA-XF-AAN5,5460033,1.0
TCGA-XF-AAN5,60750,1.0
TCGA-E9-A5FK,2907,1.0
TCGA-E9-A5FK,3385,1.0
TCGA-E9-A5FK,126941,1.0
TCGA-62-A46U,10339178,1.0
TCGA-62-A46U,5311497,1.0
TCGA-VQ-A91Y,3385,0.0
TCGA-G3-A25S,216239,0.0
TCGA-G3-A25S,5329102,0.0
TCGA-DK-A3WW,5460033,1.0
TCGA-DK-A3WW,60750,1.0
TCGA-DK-A3WW,36314,1.0
TCGA-E9-A243,4674,0.0
TCGA-EW-A424,2907,1.0
TCGA-EW-A424,148124,1.0
TCGA-HT-A619,5394,1.0
TCGA-2G-AAGO,5360373,1.0
TCGA-2G-AAGO,5460033,1.0
TCGA-2G-AAGO,36462,1.0
TCGA-BR-8592,36462,1.0
TCGA-BR-8592,3385,1.0
TCGA-BR-8592,135403648,1.0
TCGA-EY-A4KR,10339178,0.0
TCGA-EY-A4KR,36314,0.0
TCGA-IG-A3YC,36462,0.0
TCGA-BA-A6DI,5460033,1.0
TCGA-V5-A7RC,10339178,0.0
TCGA-V5-A7RC,36314,0.0
TCGA-S9-A6TV,5394,0.0
TCGA-GV-A3QF,10339178,0.0
TCGA-GV-A3QF,60750,0.0
TCGA-DD-A1EH,31703,1.0
TCGA-DD-A1EH,216239,1.0
TCGA-73-7498,10339178,1.0
TCGA-73-7498,5460033,1.0
TCGA-73-7498,135410875,1.0
TCGA-EE-A3AD,53438230,0.0
TCGA-T2-A6WZ,9849735,0.0
TCGA-HZ-A49I,3385,0.0
TCGA-VQ-A8DU,3385,0.0
TCGA-BR-6706,36462,1.0
TCGA-BR-6706,3385,1.0
TCGA-BR-6706,135403648,1.0
TCGA-LK-A4O0,5460033,1.0
TCGA-DQ-7596,10339178,1.0
TCGA-DQ-7596,135410875,1.0
TCGA-XE-AANV,5360373,1.0
TCGA-XE-AANV,5460033,1.0
TCGA-XE-AANV,36462,1.0
TCGA-QG-A5YV,60953,1.0
TCGA-SC-A6LP,5460033,0.0
TCGA-SC-A6LP,135410875,0.0
TCGA-UB-A7MB,3385,0.0
TCGA-UB-A7MB,9887053,0.0
TCGA-UB-A7MB,216239,0.0
TCGA-KS-A4IC,5920,1.0
TCGA-UF-A7JF,5460033,1.0
TCGA-CU-A3YL,5460033,1.0
TCGA-CU-A3YL,60750,1.0
TCGA-3H-AB3U,3062316,0.0
TCGA-AX-A2HF,10339178,1.0
TCGA-AX-A2HF,36314,1.0
TCGA-FD-A43U,5460033,1.0
TCGA-FD-A43U,60750,1.0
TCGA-SH-A9CT,5460033,1.0
TCGA-SH-A9CT,135410875,1.0
TCGA-VQ-A91K,3385,1.0
TCGA-FD-A3SJ,10339178,0.0
TCGA-FD-A3SJ,5460033,0.0
TCGA-FD-A3SJ,31703,0.0
TCGA-FD-A3SJ,60750,0.0
TCGA-FD-A3SJ,126941,0.0
TCGA-FD-A3SJ,13342,0.0
TCGA-HT-7884,5394,0.0
TCGA-S9-A7QY,5394,0.0
TCGA-SC-A6LM,10339178,0.0
TCGA-SC-A6LM,6442177,0.0
TCGA-SC-A6LM,60750,0.0
TCGA-SC-A6LM,135410875,0.0
TCGA-SC-A6LM,5311497,0.0
TCGA-BH-A5IZ,2907,1.0
TCGA-BH-A5IZ,148124,1.0
TCGA-BH-A5IZ,31703,1.0
TCGA-XF-A9SZ,5460033,1.0
TCGA-XF-A9SZ,60750,1.0
TCGA-92-8063,10339178,1.0
TCGA-HZ-A49H,60750,1.0
TCGA-55-A48Y,10339178,1.0
TCGA-55-A48Y,135410875,1.0
TCGA-DH-A7UV,5394,0.0
TCGA-VQ-A928,3385,0.0
TCGA-OU-A5PI,10339178,0.0
TCGA-OU-A5PI,5460033,0.0
TCGA-OU-A5PI,31703,0.0
TCGA-OU-A5PI,36462,0.0
TCGA-OU-A5PI,4211,0.0
TCGA-OU-A5PI,29327,0.0
TCGA-YU-A912,5360373,1.0
TCGA-50-5051,10339178,1.0
TCGA-50-5051,36314,1.0
TCGA-BR-8590,36462,1.0
TCGA-BR-8590,3385,1.0
TCGA-BR-8590,135403648,1.0
TCGA-IB-7644,60750,0.0
TCGA-XF-A9SX,60750,0.0
TCGA-XF-A9SX,23939,0.0
TCGA-KT-A7W1,5394,0.0
TCGA-2G-AAGN,5360373,1.0
TCGA-2G-AAGN,5460033,1.0
TCGA-2G-AAGN,36462,1.0
TCGA-GN-A4U9,6450551,0.0
TCGA-GN-A4U9,460612,1.0
TCGA-XD-AAUI,60750,0.0
TCGA-2G-AAH4,5360373,1.0
TCGA-2G-AAH4,5460033,1.0
TCGA-2G-AAH4,36462,1.0
TCGA-NG-A4VW,5460033,1.0
TCGA-NG-A4VW,2907,1.0
TCGA-NG-A4VW,31703,1.0
TCGA-K1-A42X,31703,0.0
TCGA-MZ-A6I9,10339178,0.0
TCGA-MZ-A6I9,5460033,1.0
TCGA-MZ-A6I9,148124,0.0
TCGA-MZ-A6I9,6918736,0.0
TCGA-NC-A5HR,10339178,1.0
TCGA-NC-A5HR,5311497,1.0
TCGA-05-4390,5460033,1.0
TCGA-05-4390,5311497,1.0
TCGA-UB-A7MA,5460033,0.0
TCGA-UB-A7MA,60750,0.0
TCGA-VQ-A91V,5460033,0.0
TCGA-VQ-A91V,3385,0.0
TCGA-ND-A4WC,10339178,1.0
TCGA-AC-A3W5,2907,1.0
TCGA-AC-A3W5,148124,1.0
TCGA-HZ-7924,60750,1.0
TCGA-2G-AAGS,5360373,1.0
TCGA-2G-AAGS,5460033,1.0
TCGA-2G-AAGS,36462,1.0
TCGA-S9-A6U8,2578,0.0
TCGA-FG-A711,10339178,0.0
TCGA-FG-A711,36462,0.0
TCGA-FG-A711,3657,0.0
TCGA-FG-A711,5291,0.0
TCGA-FG-A711,3950,0.0
TCGA-FG-A711,5394,0.0
TCGA-AJ-A23N,10339178,0.0
TCGA-AJ-A23N,36314,0.0
TCGA-50-5066,10339178,0.0
TCGA-50-5066,36314,0.0
TCGA-FB-AAPP,60953,0.0
TCGA-FB-AAPP,60750,0.0
TCGA-FP-7916,60953,0.0
TCGA-58-A46J,10339178,1.0
TCGA-58-A46J,5311497,1.0
TCGA-3A-A9IZ,60750,0.0
TCGA-HU-8243,3385,1.0
TCGA-FD-A62S,10339178,0.0
TCGA-FD-A62S,60750,0.0
TCGA-34-5240,5460033,0.0
TCGA-34-5240,148124,0.0
TCGA-HU-A4GN,5746,0.0
TCGA-IB-A5SP,60750,0.0
TCGA-N6-A4VE,10339178,0.0
TCGA-N6-A4VE,36314,0.0
TCGA-YU-AA61,5360373,1.0
TCGA-FP-8211,60953,1.0
TCGA-FP-8211,9887053,1.0
TCGA-BR-8373,36462,1.0
TCGA-BR-8373,3385,1.0
TCGA-BR-8373,135403648,1.0
TCGA-P3-A5Q6,5460033,1.0
TCGA-A2-A3XX,2907,1.0
TCGA-A2-A3XX,31703,1.0
TCGA-A2-A3XX,36314,1.0
TCGA-CN-6998,5460033,0.0
TCGA-YL-A8HK,2375,1.0
TCGA-64-5815,10339178,1.0
TCGA-64-5815,60750,1.0
TCGA-64-5815,135410875,1.0
TCGA-IR-A3LL,5460033,1.0
TCGA-LL-A441,2907,1.0
TCGA-LL-A441,148124,1.0
TCGA-XF-A9SH,148124,0.0
TCGA-XF-A9SH,31703,0.0
TCGA-XF-A9SH,17755248,0.0
TCGA-XF-A9SH,446541,0.0
TCGA-05-4427,5460033,1.0
TCGA-05-4427,5311497,1.0
TCGA-G9-A9S0,2375,0.0
TCGA-G9-A9S0,9854073,0.0
TCGA-G9-A9S0,148124,0.0
TCGA-G9-A9S0,5311128,0.0
TCGA-QH-A6CS,5394,0.0
TCGA-S3-A6ZH,2907,1.0
TCGA-S3-A6ZH,31703,1.0
TCGA-NC-A5HG,5460033,1.0
TCGA-NC-A5HG,5311497,1.0
TCGA-A7-A5ZV,2907,1.0
TCGA-A7-A5ZV,31703,1.0
TCGA-A7-A5ZV,36314,1.0
TCGA-AG-3593,3385,1.0
TCGA-SH-A9CU,5460033,1.0
TCGA-SH-A9CU,135410875,1.0
TCGA-N5-A4RU,5460033,1.0
TCGA-F2-7273,60953,0.0
TCGA-F2-7273,60750,0.0
TCGA-QK-A6IH,3385,0.0
TCGA-QK-A6IH,36314,0.0
TCGA-HR-A2OH,135398738,0.0
TCGA-DX-A7EQ,5460033,0.0
TCGA-DX-A7EQ,135398738,0.0
TCGA-DX-A7EQ,31703,0.0
TCGA-DX-A7EQ,216239,0.0
TCGA-DX-A7EQ,5311,0.0
TCGA-LD-A7W5,148124,0.0
TCGA-86-8278,5460033,0.0
TCGA-86-8278,36462,0.0
TCGA-86-8278,123631,0.0
TCGA-VQ-A91Q,3385,1.0
TCGA-G2-A2EK,5460033,0.0
TCGA-G2-A2EK,31703,0.0
TCGA-G2-A2EK,126941,0.0
TCGA-G2-A2EK,13342,0.0
TCGA-NG-A4VU,446541,0.0
TCGA-NG-A4VU,36314,0.0
TCGA-X6-A7WC,60750,0.0
TCGA-FV-A3I0,60750,0.0
TCGA-A2-A3XZ,10339178,1.0
TCGA-A2-A3XZ,148124,1.0
TCGA-S9-A6TS,2578,0.0
TCGA-S9-A6TS,5394,0.0
TCGA-A7-A4SF,10339178,1.0
TCGA-A7-A4SF,148124,1.0
TCGA-96-A4JK,5460033,1.0
TCGA-96-A4JK,60750,1.0
TCGA-B0-5094,6918289,0.0
TCGA-2G-AAGG,5360373,1.0
TCGA-2G-AAGG,5460033,1.0
TCGA-2G-AAGG,36462,1.0
TCGA-E9-A226,4674,1.0
TCGA-X9-A973,135398738,0.0
TCGA-X9-A973,31703,0.0
TCGA-IB-A7LX,3385,0.0
TCGA-IB-A7LX,60750,0.0
TCGA-IB-A7LX,60838,0.0
TCGA-IB-A7LX,135403648,0.0
TCGA-IB-A7LX,9887053,0.0
TCGA-50-5941,5460033,1.0
TCGA-50-5941,148124,1.0
TCGA-NC-A5HK,5460033,1.0
TCGA-NC-A5HK,5311497,1.0
TCGA-2G-AAGP,5360373,1.0
TCGA-2G-AAGP,5460033,1.0
TCGA-2G-AAGP,36462,1.0
TCGA-58-8387,5460033,1.0
TCGA-58-8387,5311497,1.0
TCGA-N5-A59E,10339178,1.0
TCGA-N5-A59E,36314,1.0
TCGA-MY-A913,5460033,1.0
TCGA-86-8075,5460033,1.0
TCGA-86-8075,36462,1.0
TCGA-E1-A7YW,36462,0.0
TCGA-E1-A7YW,60838,0.0
TCGA-E1-A7YW,3950,0.0
TCGA-E1-A7YW,5394,0.0
TCGA-LB-A9Q5,60750,0.0
TCGA-LB-A9Q5,36314,0.0
TCGA-QK-A6IG,10339178,0.0
TCGA-QK-A6IG,36314,0.0
TCGA-NC-A5HP,5460033,0.0
TCGA-NC-A5HP,148124,0.0
TCGA-NC-A5HP,60750,0.0
TCGA-NC-A5HP,5311497,0.0
TCGA-IB-7645,10339178,0.0
TCGA-IB-7645,60750,0.0
TCGA-IB-7645,9887053,0.0
TCGA-GD-A3OS,148124,0.0
TCGA-DU-8162,5394,0.0
TCGA-HW-A5KL,5394,0.0
TCGA-2E-A9G8,10339178,1.0
TCGA-2E-A9G8,36314,1.0
TCGA-HU-A4GJ,60953,0.0
TCGA-HU-A4GJ,5460033,0.0
TCGA-HU-A4GJ,54715158,0.0
TCGA-VQ-AA68,3385,1.0
TCGA-E9-A1NE,2907,1.0
TCGA-E9-A1NE,31703,1.0
TCGA-E9-A1NE,3385,1.0
TCGA-90-6837,5460033,1.0
TCGA-90-6837,148124,1.0
TCGA-90-6837,60750,1.0
TCGA-AJ-A2QM,10339178,1.0
TCGA-AJ-A2QM,36314,1.0
TCGA-CH-5741,657181,1.0
TCGA-EE-A29C,44462760,0.0
TCGA-EE-A29C,11707110,0.0
TCGA-F4-6805,60953,1.0
TCGA-NC-A5HI,5311497,1.0
TCGA-CG-4305,5460033,1.0
TCGA-CG-4305,3385,1.0
TCGA-CG-4305,135403648,1.0
TCGA-VP-A87D,2375,1.0
TCGA-VP-A87D,148124,1.0
TCGA-VP-A87D,657181,1.0
TCGA-2G-AAF8,5460033,1.0
TCGA-2G-AAF8,36462,1.0
TCGA-E9-A1NC,2907,1.0
TCGA-E9-A1NC,31703,1.0
TCGA-E9-A1NC,3385,1.0
TCGA-E9-A1NC,2733526,1.0
TCGA-N5-A4RS,5460033,1.0
TCGA-Z5-AAPL,2907,1.0
TCGA-Z5-AAPL,31703,1.0
TCGA-Z5-AAPL,3385,1.0
TCGA-BT-A42E,10339178,1.0
TCGA-BT-A42E,60750,1.0
TCGA-ZM-AA05,5360373,1.0
TCGA-ZM-AA05,5460033,1.0
TCGA-ZM-AA05,36462,1.0
TCGA-05-4398,10339178,1.0
TCGA-05-4398,36462,1.0
TCGA-HB-A43Z,148124,1.0
TCGA-HB-A43Z,31703,1.0
TCGA-HB-A43Z,60750,1.0
TCGA-AA-3976,3385,1.0
TCGA-AA-3976,135403648,1.0
TCGA-AA-3976,9887053,1.0
TCGA-A6-A565,3385,0.0
TCGA-A6-A565,135403648,0.0
TCGA-A6-A565,9887053,0.0
TCGA-KT-A74X,5394,0.0
TCGA-DH-A66D,5394,0.0
TCGA-DH-A7UT,5394,0.0
TCGA-YL-A8SB,2375,1.0
TCGA-YL-A8SB,657181,1.0
TCGA-YY-A8LH,60953,1.0
TCGA-BR-8297,36462,0.0
TCGA-BR-8297,3385,0.0
TCGA-BR-8297,135403648,0.0
TCGA-FP-A4BE,3385,1.0
TCGA-CG-4460,60953,1.0
TCGA-CG-4460,5460033,1.0
TCGA-CG-4460,3385,1.0
TCGA-CG-4460,135403648,1.0
TCGA-A5-A1OH,10339178,1.0
TCGA-P3-A6T6,36314,0.0
TCGA-CD-A487,60953,1.0
TCGA-CD-A487,5460033,1.0
TCGA-CD-A487,41867,1.0
TCGA-AY-A8YK,3385,1.0
TCGA-AY-A8YK,9887053,1.0
TCGA-XE-AAOJ,5360373,1.0
TCGA-XE-AAOJ,5460033,1.0
TCGA-XE-AAOJ,36462,1.0
TCGA-YU-AA4L,5360373,0.0
TCGA-QS-A8F1,10339178,0.0
TCGA-QS-A8F1,36314,0.0
TCGA-CN-A49A,10339178,1.0
TCGA-DH-A7UR,5394,1.0
TCGA-QK-A6II,10339178,0.0
TCGA-QK-A6II,36314,0.0
TCGA-X9-A971,148124,0.0
TCGA-X9-A971,60750,0.0
TCGA-44-8117,5460033,1.0
TCGA-44-8117,148124,1.0
TCGA-CR-5247,10339178,1.0
TCGA-CR-5247,36314,1.0
TCGA-B0-5712,68740,0.0
TCGA-DU-8163,5394,0.0
TCGA-HZ-A77P,60750,1.0
TCGA-HU-A4GT,3045,0.0
TCGA-50-5933,10339178,1.0
TCGA-50-5933,36314,1.0
TCGA-BH-A0HY,10339178,1.0
TCGA-BH-A0HY,148124,1.0
TCGA-D3-A1Q3,5460033,1.0
TCGA-DK-A6B5,5460033,1.0
TCGA-DK-A6B5,60750,1.0
TCGA-DK-A6B5,36314,1.0
TCGA-BR-8682,60953,1.0
TCGA-BR-8682,5743,1.0
TCGA-BR-8682,41867,1.0
TCGA-BR-8682,9887053,1.0
TCGA-S6-A8JY,5460033,1.0
TCGA-S6-A8JY,36462,1.0
TCGA-AA-3678,3385,1.0
TCGA-AA-3678,135403648,1.0
TCGA-2G-AAG0,5360373,1.0
TCGA-2G-AAG0,5460033,1.0
TCGA-2G-AAG0,36462,1.0
TCGA-BR-6707,3385,0.0
TCGA-BR-6707,135403648,0.0
TCGA-BR-6707,9887053,0.0
TCGA-GM-A3XN,2907,1.0
TCGA-GM-A3XN,31703,1.0
TCGA-GM-A3XN,3385,1.0
TCGA-GM-A3XN,36314,1.0
TCGA-GM-A3XN,2733526,1.0
TCGA-N7-A4Y0,10339178,0.0
TCGA-N7-A4Y0,5460033,0.0
TCGA-N7-A4Y0,446541,0.0
TCGA-N7-A4Y0,36314,0.0
TCGA-A8-A091,4674,0.0
TCGA-A8-A091,2733526,0.0
TCGA-AG-3909,3385,1.0
TCGA-AG-3909,135403648,1.0
TCGA-AG-3909,9887053,1.0
TCGA-AG-A01L,3385,1.0
TCGA-XF-A9T4,60750,1.0
TCGA-XF-A9T4,36314,0.0
TCGA-DS-A7WI,5460033,1.0
TCGA-J1-A4AH,5460033,1.0
TCGA-J1-A4AH,60750,1.0
TCGA-K6-A3WQ,31703,0.0
TCGA-C5-A1BQ,5460033,1.0
TCGA-XF-AAMY,10339178,1.0
TCGA-XF-AAMY,60750,1.0
TCGA-AA-A01D,60953,0.0
TCGA-AA-A01D,60838,0.0
TCGA-AA-A01D,5746,0.0
TCGA-AA-A01D,9887053,0.0
TCGA-AZ-6600,3385,0.0
TCGA-AZ-6600,60838,0.0
TCGA-AZ-6600,135403648,0.0
TCGA-NA-A4QW,36314,1.0
TCGA-D3-A51H,5460033,1.0
TCGA-D3-A51H,135398738,1.0
TCGA-D3-A51H,13342,1.0
TCGA-S9-A6WN,5394,0.0
TCGA-S9-A89Z,5394,0.0
TCGA-CR-5248,10339178,1.0
TCGA-CR-5248,36314,1.0
TCGA-N5-A4RO,10339178,0.0
TCGA-N5-A4RO,36314,1.0
TCGA-YL-A9WH,2375,1.0
TCGA-YL-A9WH,25074469,1.0
TCGA-FN-7833,5394,1.0
TCGA-33-AASI,148124,0.0
TCGA-33-AASI,60750,0.0
TCGA-N9-A4PZ,148124,0.0
TCGA-N9-A4PZ,60750,0.0
TCGA-N9-A4PZ,36314,1.0
TCGA-FG-A4MW,5394,0.0
TCGA-A7-A4SA,2907,1.0
TCGA-A7-A4SA,31703,1.0
TCGA-A7-A4SA,36314,1.0
TCGA-D3-A51E,457193,1.0
TCGA-D3-A51E,460612,1.0
TCGA-KU-A6H7,5460033,1.0
TCGA-JW-A5VI,60700,0.0
TCGA-XF-AAN3,5460033,1.0
TCGA-XF-AAN3,60750,1.0
TCGA-AA-3860,3385,1.0
TCGA-AA-3860,135403648,1.0
TCGA-AA-3860,9887053,1.0
TCGA-DU-A76L,4915,0.0
TCGA-MP-A4TD,5460033,1.0
TCGA-MP-A4TD,60750,1.0
TCGA-OL-A66I,2907,1.0
TCGA-OL-A66I,31703,1.0
TCGA-OL-A66I,36314,1.0
TCGA-NC-A5HT,60750,0.0
TCGA-NC-A5HT,36314,1.0
TCGA-TM-A84B,5394,0.0
TCGA-RA-A741,10339178,1.0
TCGA-RA-A741,36314,1.0
TCGA-AG-A02G,3385,1.0
TCGA-AG-A02G,60838,1.0
TCGA-AG-A02G,135403648,1.0
TCGA-AG-A02G,9887053,1.0
TCGA-AF-A56N,60953,1.0
TCGA-DB-A75K,5394,1.0
TCGA-EE-A2MN,135398738,0.0
TCGA-FI-A2D5,10339178,0.0
TCGA-FI-A2D5,36314,0.0
TCGA-VR-AA4D,3385,0.0
TCGA-VR-AA4D,135403648,0.0
TCGA-64-5779,5460033,1.0
TCGA-64-5779,135410875,1.0
TCGA-DQ-7595,5460033,1.0
TCGA-DH-A66B,5394,0.0
TCGA-E1-A7YV,60838,0.0
TCGA-E1-A7YV,5394,0.0
TCGA-AL-A5DJ,6918289,0.0
TCGA-IE-A4EH,148124,1.0
TCGA-IE-A4EH,60750,1.0
TCGA-VS-A94Z,5460033,1.0
TCGA-F2-7276,60750,0.0
TCGA-AA-A01T,3385,1.0
TCGA-AA-A01T,135403648,1.0
TCGA-G3-A3CJ,216239,0.0
TCGA-S9-A7J0,2578,0.0
TCGA-S9-A7J0,5394,0.0
TCGA-BA-A6DA,5460033,1.0
TCGA-AA-3994,60953,1.0
TCGA-DU-A7TA,5394,0.0
TCGA-VS-A9UM,5460033,1.0
TCGA-VS-A9UM,36314,1.0
TCGA-P3-A6T2,5460033,1.0
TCGA-WT-AB41,2187,1.0
TCGA-WT-AB41,2907,1.0
TCGA-WT-AB41,148124,1.0
TCGA-KK-A8II,9854073,0.0
TCGA-KK-A8II,16136245,0.0
TCGA-KK-A8II,148124,0.0
TCGA-KK-A8II,657181,0.0
TCGA-EB-A57M,5460033,1.0
TCGA-EB-A57M,5284373,1.0
TCGA-EB-A57M,135398738,1.0
TCGA-EB-A57M,5743,1.0
TCGA-EB-A57M,92043599,1.0
TCGA-EB-A57M,4595,1.0
TCGA-EB-A57M,13342,1.0
TCGA-IB-7647,60750,0.0
TCGA-AA-3517,3385,1.0
TCGA-AA-3517,60838,1.0
TCGA-AA-3517,135403648,1.0
TCGA-AA-3517,9887053,1.0
TCGA-AG-A00H,3385,1.0
TCGA-4K-AAAL,5360373,0.0
TCGA-4K-AAAL,5460033,0.0
TCGA-4K-AAAL,36462,0.0
TCGA-AA-A02K,3385,0.0
TCGA-AA-A02K,60838,0.0
TCGA-AA-A02K,135403648,0.0
TCGA-KS-A4ID,5920,1.0
TCGA-XD-AAUG,60750,0.0
TCGA-XD-AAUG,36314,0.0
TCGA-05-4384,5460033,0.0
TCGA-05-4384,5311497,0.0
TCGA-05-4384,68740,0.0
TCGA-E5-A2PC,5460033,1.0
TCGA-E5-A2PC,31703,1.0
TCGA-E5-A2PC,126941,1.0
TCGA-E5-A2PC,13342,1.0
TCGA-L7-A6VZ,3385,1.0
TCGA-L7-A6VZ,135403648,1.0
TCGA-HW-8320,5394,0.0
TCGA-VS-A9UD,5460033,1.0
TCGA-AA-A010,3385,1.0
TCGA-AA-A010,135403648,1.0
TCGA-AA-A010,9887053,1.0
TCGA-EB-A6R0,3950,1.0
TCGA-VS-AA62,5460033,0.0
TCGA-BH-A0W5,2187,1.0
TCGA-S9-A6WD,5394,0.0
TCGA-F2-6879,60750,1.0
TCGA-G7-7501,5329102,0.0
TCGA-3A-A9I9,60750,0.0
TCGA-BR-8372,36462,1.0
TCGA-BR-8372,3385,1.0
TCGA-BR-8372,135403648,1.0
TCGA-BR-A4J2,5460033,1.0
TCGA-BR-A4J2,5743,1.0
TCGA-BR-A4J2,41867,1.0
TCGA-BR-A4J2,9887053,1.0
TCGA-DQ-7590,10339178,1.0
TCGA-DQ-7590,36314,1.0
TCGA-A6-6652,9887053,0.0
TCGA-IR-A3LC,5460033,1.0
TCGA-Z7-A8R5,2907,0.0
TCGA-Z7-A8R5,31703,0.0
TCGA-Z7-A8R5,36314,0.0
TCGA-BG-A0VT,10339178,1.0
TCGA-BG-A0VT,36314,1.0
TCGA-A7-A5ZX,2907,1.0
TCGA-A7-A5ZX,31703,1.0
TCGA-A7-A5ZX,36314,1.0
TCGA-A7-A5ZX,2733526,1.0
TCGA-A8-A092,2907,1.0
TCGA-A8-A092,41867,1.0
TCGA-A8-A092,36314,1.0
TCGA-GM-A2DI,2907,1.0
TCGA-GM-A2DI,148124,1.0
TCGA-GM-A2DI,41867,1.0
TCGA-GM-A2DI,3385,1.0
TCGA-SW-A7EB,5460033,0.0
TCGA-SW-A7EB,31703,0.0
TCGA-SW-A7EB,3385,0.0
TCGA-BA-A6DD,5460033,0.0
TCGA-KK-A7AU,2375,0.0
TCGA-KK-A7AU,657181,0.0
TCGA-DK-AA76,5460033,1.0
TCGA-DK-AA76,60750,1.0
TCGA-YB-A89D,3385,1.0
TCGA-YB-A89D,60750,1.0
TCGA-D3-A51G,457193,1.0
TCGA-D3-A51G,3003004,1.0
TCGA-D3-A51G,460612,1.0
TCGA-D3-A51G,159603,1.0
TCGA-A7-A3RF,2187,0.0
TCGA-P3-A6T7,5460033,1.0
TCGA-68-A59I,10339178,0.0
TCGA-68-A59I,148124,0.0
TCGA-68-A59I,176870,0.0
TCGA-68-A59I,36314,0.0
TCGA-2G-AAL7,5360373,1.0
TCGA-2G-AAL7,5460033,1.0
TCGA-2G-AAL7,36462,1.0
TCGA-SH-A7BD,5460033,1.0
TCGA-SH-A7BD,135410875,1.0
TCGA-3H-AB3S,3062316,0.0
TCGA-3H-AB3S,176870,0.0
TCGA-3H-AB3S,60750,0.0
TCGA-3H-AB3S,5376617,0.0
TCGA-FP-7829,3385,1.0
TCGA-CG-5717,5460033,0.0
TCGA-CG-5717,3385,0.0
TCGA-CG-5717,135403648,0.0
TCGA-EB-A4OY,3950,1.0
TCGA-EB-A4OY,3005573,1.0
TCGA-FR-A728,44462760,1.0
TCGA-FR-A728,11707110,1.0
TCGA-G3-A5SI,216239,0.0
TCGA-XF-AAMJ,60750,1.0
TCGA-XF-AAMJ,23939,1.0
TCGA-AG-A01Y,3385,1.0
TCGA-YU-A90Q,10339178,1.0
TCGA-62-A471,5460033,1.0
TCGA-62-A471,60750,1.0
TCGA-62-A471,5311497,1.0
TCGA-N8-A4PM,10339178,1.0
TCGA-N8-A4PM,36314,1.0
TCGA-VQ-A91D,3385,0.0
TCGA-3H-AB3X,5460033,1.0
TCGA-3H-AB3X,135410875,1.0
TCGA-AQ-A04H,10339178,1.0
TCGA-64-5781,5460033,1.0
TCGA-64-5781,60750,1.0
TCGA-3P-A9WA,10339178,1.0
TCGA-3P-A9WA,36314,1.0
TCGA-AA-A00Q,3385,1.0
TCGA-AA-A00Q,135403648,1.0
TCGA-AA-A00Q,9887053,1.0
TCGA-E9-A2JS,2907,1.0
TCGA-E9-A2JS,3385,1.0
TCGA-E9-A2JS,5311128,0.0
TCGA-E9-A2JS,126941,1.0
TCGA-AP-A5FX,10339178,1.0
TCGA-AP-A5FX,36314,1.0
TCGA-PT-A8TR,148124,1.0
TCGA-PT-A8TR,60750,1.0
TCGA-DQ-7589,148124,0.0
TCGA-DQ-7589,3385,0.0
TCGA-DQ-7589,36314,1.0
TCGA-2G-AAKG,5360373,1.0
TCGA-2G-AAKG,5460033,1.0
TCGA-2G-AAKG,36462,1.0
TCGA-EE-A2M5,216232,0.0
TCGA-2G-AAGV,5360373,1.0
TCGA-2G-AAGV,5460033,1.0
TCGA-2G-AAGV,36462,1.0
TCGA-MP-A4TC,5460033,1.0
TCGA-MP-A4TC,5311497,1.0
TCGA-TM-A84L,5394,0.0
TCGA-FG-7638,5394,0.0
TCGA-B7-A5TN,5460033,1.0
TCGA-KK-A6E0,657181,0.0
TCGA-2G-AAH0,5360373,1.0
TCGA-2G-AAH0,5460033,1.0
TCGA-2G-AAH0,36462,1.0
TCGA-EO-A22X,10339178,1.0
TCGA-EO-A22X,36314,1.0
TCGA-G2-A3IB,5460033,0.0
TCGA-G2-A3IB,31703,0.0
TCGA-G2-A3IB,126941,0.0
TCGA-G2-A3IB,13342,0.0
TCGA-N8-A56S,10339178,0.0
TCGA-N8-A56S,36314,0.0
TCGA-KF-A41W,148124,1.0
TCGA-GF-A3OT,10339178,0.0
TCGA-GF-A3OT,36314,0.0
TCGA-SC-A6LQ,5460033,0.0
TCGA-SC-A6LQ,135410875,0.0
TCGA-AA-3972,60953,0.0
TCGA-AA-3972,3385,0.0
TCGA-AA-3972,135403648,0.0
TCGA-AA-3972,9887053,0.0
TCGA-NC-A5HJ,5460033,0.0
TCGA-NC-A5HJ,135410875,0.0
TCGA-XE-AANJ,5360373,0.0
TCGA-XE-AANJ,36462,0.0
TCGA-XE-AANJ,36314,1.0
TCGA-XE-AANJ,23939,0.0
TCGA-N5-A4RF,10339178,1.0
TCGA-N5-A4RF,36314,1.0
TCGA-T2-A6X0,5460033,1.0
TCGA-DH-A66G,5394,1.0
TCGA-GM-A2DN,2187,1.0
TCGA-GM-A2DN,2907,1.0
TCGA-GM-A2DN,41867,1.0
TCGA-GM-A2DN,3385,1.0
TCGA-GM-A2DN,36314,1.0
TCGA-AA-3841,3385,1.0
TCGA-AA-3841,135403648,1.0
TCGA-AA-3841,9887053,1.0
TCGA-AA-3870,3385,1.0
TCGA-AA-3870,135403648,1.0
TCGA-AA-3870,9887053,1.0
TCGA-GC-A3YS,10339178,1.0
TCGA-GC-A3YS,5460033,1.0
TCGA-GC-A3YS,60750,1.0
TCGA-IK-8125,5394,1.0
TCGA-VQ-A8E0,3385,0.0
TCGA-2L-AAQA,60750,0.0
TCGA-AG-4005,3385,1.0
TCGA-AG-4005,135403648,1.0
TCGA-AG-4005,9887053,1.0
TCGA-CG-5725,148124,0.0
TCGA-CG-5725,3385,0.0
TCGA-CG-5725,135403648,0.0
TCGA-CG-5725,9887053,0.0
TCGA-MQ-A6BN,5460033,1.0
TCGA-MQ-A6BN,60750,1.0
TCGA-MQ-A6BN,135410875,1.0
TCGA-3B-A9HS,148124,0.0
TCGA-3B-A9HS,60750,0.0
TCGA-B0-4837,24956525,0.0
TCGA-A8-A097,2907,1.0
TCGA-A8-A097,148124,1.0
TCGA-F2-A44G,60953,1.0
TCGA-F2-A44G,60750,1.0
TCGA-HU-A4G3,3385,0.0
TCGA-HU-A4G3,5746,0.0
TCGA-IR-A3LH,5460033,1.0
TCGA-LB-A8F3,60750,1.0
TCGA-A2-A0CR,2907,1.0
TCGA-A2-A0CR,31703,1.0
TCGA-A2-A0CR,36314,1.0
TCGA-A2-A0CR,2733526,1.0
TCGA-DK-A3WY,5460033,1.0
TCGA-DK-A3WY,60750,1.0
TCGA-EO-A3AV,10339178,1.0
TCGA-EO-A3AV,36314,1.0
TCGA-HU-A4H3,60953,0.0
TCGA-HU-A4H3,9887053,0.0
TCGA-HU-A4H3,54715158,1.0
TCGA-OL-A66O,2907,1.0
TCGA-OL-A66O,148124,1.0
TCGA-2G-AAGZ,5360373,1.0
TCGA-2G-AAGZ,5460033,1.0
TCGA-2G-AAGZ,36462,1.0
TCGA-KB-A6F7,3385,1.0
TCGA-VQ-A8E2,3385,1.0
TCGA-XJ-A9DI,2375,1.0
TCGA-XJ-A9DI,4493,1.0
TCGA-A2-A3XS,60953,0.0
TCGA-A2-A3XS,2907,1.0
TCGA-A2-A3XS,148124,0.0
TCGA-A2-A3XS,31703,1.0
TCGA-A2-A3XS,36314,1.0
TCGA-A2-A3XS,2733526,0.0
TCGA-A2-A3XS,5311497,0.0
TCGA-IR-A3L7,5460033,1.0
TCGA-N8-A4PI,10339178,1.0
TCGA-N8-A4PI,36314,1.0
TCGA-IB-8127,60750,1.0
TCGA-LL-A73Z,2907,0.0
TCGA-LL-A73Z,31703,0.0
TCGA-LL-A73Z,104741,0.0
TCGA-LL-A73Z,36314,0.0
TCGA-FP-8210,36462,0.0
TCGA-FP-8210,3385,0.0
TCGA-FP-8210,135403648,0.0
TCGA-AJ-A3QS,10339178,1.0
TCGA-AJ-A3QS,5460033,1.0
TCGA-AJ-A3QS,36314,1.0
TCGA-BR-A4QL,60953,1.0
TCGA-BR-A4QL,3385,1.0
TCGA-BR-A4QL,135403648,1.0
TCGA-BR-A4QL,9887053,1.0
TCGA-LT-A5Z6,5460033,1.0
TCGA-LT-A5Z6,60750,1.0
TCGA-2G-AAGC,5360373,1.0
TCGA-2G-AAGC,5460033,1.0
TCGA-2G-AAGC,36462,1.0
TCGA-AG-3600,3385,1.0
TCGA-A8-A086,2907,1.0
TCGA-A8-A086,148124,1.0
TCGA-CH-5788,25074470,0.0
TCGA-LK-A4NZ,5460033,0.0
TCGA-VS-A958,5460033,1.0
TCGA-S3-AA0Z,2907,1.0
TCGA-S3-AA0Z,31703,1.0
TCGA-NC-A5HE,5460033,1.0
TCGA-NC-A5HE,5311497,1.0
TCGA-3B-A9I1,31703,0.0
TCGA-3B-A9I1,60750,0.0
TCGA-3B-A9I1,3902,0.0
TCGA-EB-A6QZ,135398738,1.0
TCGA-EB-A6QZ,5978,1.0
TCGA-96-A4JL,10339178,1.0
TCGA-96-A4JL,60750,1.0
TCGA-A8-A0A6,2907,1.0
TCGA-A8-A0A6,41867,1.0
TCGA-A8-A0A6,60198,1.0
TCGA-50-5930,148124,0.0
TCGA-S9-A6WG,5394,0.0
TCGA-2L-AAQI,60750,0.0
TCGA-2Y-A9H8,6442177,0.0
TCGA-P3-A6SW,5460033,1.0
TCGA-IR-A3LB,10339178,0.0
TCGA-IR-A3LB,5460033,1.0
TCGA-IR-A3LB,3385,1.0
TCGA-IR-A3LB,36314,0.0
TCGA-S9-A7J3,3950,0.0
TCGA-S9-A7J3,4915,0.0
TCGA-S9-A7J3,5978,0.0
TCGA-55-A48X,10339178,1.0
TCGA-55-A48X,135410875,1.0
TCGA-EY-A2ON,10339178,0.0
TCGA-EY-A2ON,36314,0.0
TCGA-GM-A3NW,2187,0.0
TCGA-GM-A3NW,2907,0.0
TCGA-GM-A3NW,41867,0.0
TCGA-GM-A3NW,3385,0.0
TCGA-86-8669,5460033,1.0
TCGA-86-8669,36462,1.0
TCGA-EW-A1P3,36314,0.0
TCGA-EW-A1P3,2733526,0.0
TCGA-GM-A3XL,2907,1.0
TCGA-GM-A3XL,31703,1.0
TCGA-GM-A3XL,3385,1.0
TCGA-GM-A3XL,36314,1.0
TCGA-N5-A4RN,10339178,1.0
TCGA-N5-A4RN,36314,1.0
TCGA-VS-A94X,5460033,1.0
TCGA-AG-4008,3385,1.0
TCGA-AG-4008,135403648,1.0
TCGA-HZ-A49G,60750,0.0
TCGA-FB-AAPY,60750,1.0
TCGA-GM-A2DM,2187,1.0
TCGA-GM-A2DM,2907,1.0
TCGA-GM-A2DM,41867,1.0
TCGA-GM-A2DM,3385,1.0
TCGA-GM-A2DM,36314,1.0
TCGA-PE-A5DE,2907,1.0
TCGA-PE-A5DE,148124,1.0
TCGA-BR-A4QM,5460033,1.0
TCGA-BR-A4QM,3385,1.0
TCGA-BR-A4QM,135403648,1.0
TCGA-MQ-A6BQ,5460033,0.0
TCGA-MQ-A6BQ,135410875,0.0
TCGA-2G-AAH8,5360373,1.0
TCGA-2G-AAH8,5460033,1.0
TCGA-2G-AAH8,36462,1.0
TCGA-AA-3713,3385,1.0
TCGA-HZ-A77O,60750,0.0
TCGA-DB-A4XG,5394,0.0
TCGA-N5-A4R8,10339178,1.0
TCGA-S9-A6TX,5394,0.0
TCGA-XF-A9T5,5460033,1.0
TCGA-XF-A9T5,60750,1.0
TCGA-86-8279,5460033,1.0
TCGA-86-8279,36462,1.0
TCGA-AG-A02N,135403648,1.0
TCGA-GM-A3XG,2187,1.0
TCGA-GM-A3XG,2907,1.0
TCGA-GM-A3XG,31703,1.0
TCGA-GM-A3XG,3385,1.0
TCGA-GM-A3XG,36314,1.0
TCGA-GM-A3XG,2733526,1.0
TCGA-AJ-A3OK,10339178,1.0
TCGA-AJ-A3OK,148124,1.0
TCGA-AJ-A3OK,31703,1.0
TCGA-X6-A8C6,31703,0.0
TCGA-X6-A8C6,60750,0.0
TCGA-3A-A9IH,60750,0.0
TCGA-3A-A9IH,9887053,0.0
TCGA-DK-A3WX,5460033,0.0
TCGA-DK-A3WX,60750,0.0
TCGA-A8-A06R,2907,1.0
TCGA-A8-A06R,31703,1.0
TCGA-A8-A06R,3385,1.0
TCGA-A8-A06R,2733526,1.0
TCGA-IB-AAUQ,3385,0.0
TCGA-IB-AAUQ,60838,0.0
TCGA-IB-AAUQ,9887053,0.0
TCGA-2G-AAGJ,5360373,1.0
TCGA-2G-AAGJ,5460033,1.0
TCGA-2G-AAGJ,36462,1.0
TCGA-DU-A5TY,5394,0.0
TCGA-FG-5963,2578,0.0
TCGA-FG-5963,5394,0.0
TCGA-CG-4444,3385,1.0
TCGA-S9-A6U0,5394,0.0
TCGA-IB-7651,3385,0.0
TCGA-IB-7651,60750,0.0
TCGA-IB-7651,135403648,0.0
TCGA-IB-7651,9887053,0.0
TCGA-OY-A56P,10339178,1.0
TCGA-OY-A56P,148124,1.0
TCGA-VQ-AA6D,3385,1.0
TCGA-AG-3612,3385,1.0
TCGA-AG-3612,135403648,1.0
TCGA-AG-3612,9887053,1.0
TCGA-W3-AA21,36314,0.0
TCGA-W3-AA21,5394,0.0
TCGA-IB-A6UF,60750,1.0
TCGA-HT-A61C,5394,1.0
TCGA-IB-7888,3385,0.0
TCGA-D8-A3Z6,2907,0.0
TCGA-D8-A3Z6,31703,0.0
TCGA-D8-A3Z6,36314,0.0
TCGA-AA-A00F,3385,1.0
TCGA-AA-A00F,135403648,1.0
TCGA-AA-A00F,9887053,1.0
TCGA-ER-A19H,135398738,0.0
TCGA-HW-A5KK,5394,0.0
TCGA-DS-A7WH,5460033,1.0
TCGA-IR-A3LI,5460033,1.0
TCGA-IR-A3LI,36314,1.0
TCGA-IR-A3LI,60700,1.0
TCGA-G2-A2EC,5460033,1.0
TCGA-G2-A2EC,31703,1.0
TCGA-G2-A2EC,126941,1.0
TCGA-G2-A2EC,13342,1.0
TCGA-IF-A3RQ,31703,1.0
TCGA-86-7711,5460033,1.0
TCGA-86-7711,36462,1.0
TCGA-AJ-A3OL,10339178,1.0
TCGA-AJ-A3OL,36314,1.0
TCGA-CN-A63W,10339178,1.0
TCGA-CN-A63W,5460033,1.0
TCGA-F1-A448,60953,1.0
TCGA-F1-A448,3385,1.0
TCGA-F1-A448,9887053,1.0
TCGA-A8-A09D,2907,1.0
TCGA-A8-A09D,31703,1.0
TCGA-A8-A09D,36314,1.0
TCGA-A8-A09D,2733526,1.0
TCGA-GM-A2DC,2187,1.0
TCGA-GM-A2DC,60953,1.0
TCGA-GM-A2DC,2907,1.0
TCGA-GM-A2DC,148124,1.0
TCGA-GM-A2DC,41867,1.0
TCGA-GM-A2DC,3902,1.0
TCGA-QH-A65R,5394,0.0
TCGA-VS-A9UB,5460033,1.0
TCGA-GM-A5PX,2187,1.0
TCGA-GM-A5PX,60198,1.0
TCGA-N6-A4V9,10339178,1.0
TCGA-N6-A4V9,36314,1.0
TCGA-CG-5724,5460033,0.0
